"Freq [GHz]","RCSTotal [] - IWavePhi='0deg' IWaveTheta='0deg' Phi='0deg' Theta='0deg'"
2,0.0411675983994689
2.01,0.0399400329552767
2.02,0.0389368903086275
2.03,0.038171913000177
2.04,0.0376546094995216
2.05,0.0373901691285061
2.06,0.0373794280006459
2.07,0.0376189161801071
2.08,0.0381009586581215
2.09,0.0388138683360718
2.1,0.0397421784326928
2.11,0.0408669494033036
2.12,0.0421661388871729
2.13,0.0436150218869911
2.14,0.0451866404014218
2.15,0.0468523075965282
2.16,0.048582118061551
2.17,0.0503454997083053
2.18,0.052111733134591
2.19,0.0538504867247923
2.2,0.0555323255731633
2.21,0.0571291899158066
2.22,0.0586148533274378
2.23,0.0599653010664427
2.24,0.061159107262045
2.25,0.0621777128250922
2.26,0.0630056834578164
2.27,0.0636308945033673
2.28,0.0640446716221665
2.29,0.0642418586994564
2.3,0.0642208456279981
2.31,0.0639835591492689
2.32,0.0635353788963807
2.33,0.0628850136609543
2.34,0.0620443518734317
2.35,0.0610282596907522
2.36,0.0598543255568309
2.37,0.0585426033751059
2.38,0.057115290040676
2.39,0.0555963864109973
2.4,0.0540113319514672
2.41,0.0523866130336437
2.42,0.0507493553631953
2.43,0.0491269049435931
2.44,0.0475463955237854
2.45,0.0460343198660711
2.46,0.044616110160379
2.47,0.0433157244063001
2.48,0.0421552520142245
2.49,0.0411545510484647
2.5,0.0403309179518871
2.51,0.0396987816861145
2.52,0.0392694622013665
2.53,0.0390509502615794
2.54,0.039047765747331
2.55,0.0392608399974014
2.56,0.0396874757799006
2.57,0.0403213540134209
2.58,0.0411525891092848
2.59,0.042167849157067
2.6,0.0433505380056383
2.61,0.0446810094111583
2.62,0.0461368489836438
2.63,0.0476932024216745
2.64,0.0493231528899984
2.65,0.0509981157607407
2.66,0.0526883197407224
2.67,0.0543632631685441
2.68,0.0559922369836541
2.69,0.0575448437750236
2.7,0.0589915513027488
2.71,0.06030421344551
2.72,0.0614566106236763
2.73,0.0624249701667008
2.74,0.0631884425128069
2.75,0.0637295623186895
2.76,0.0640346476448354
2.77,0.0640941394209135
2.78,0.0639028859496975
2.79,0.0634603487661884
2.8,0.0627707255522502
2.81,0.0618429812120361
2.82,0.0606908089509773
2.83,0.0593324703207414
2.84,0.0577905694160467
2.85,0.0560917171850768
2.86,0.0542661032333949
2.87,0.0523470280551815
2.88,0.050370294622144
2.89,0.0483735845600091
2.9,0.0463957567553613
2.91,0.044476103770597
2.92,0.0426535959456296
2.93,0.0409660832720513
2.94,0.0394495154984892
2.95,0.0381371802203423
2.96,0.0370589631270172
2.97,0.0362406789313379
2.98,0.0357034454725832
2.99,0.0354631488902385
3,0.0355300217180389
3.01,0.0359082872225579
3.02,0.0365959733447101
3.03,0.0375848023642822
3.04,0.0388602527758442
3.05,0.0404017320983131
3.06,0.0421828751463778
3.07,0.0441720026397593
3.08,0.0463326637296545
3.09,0.0486243139046177
3.1,0.0510031004893823
3.11,0.0534226879200222
3.12,0.0558352224876375
3.13,0.0581922642233904
3.14,0.0604458143279695
3.15,0.0625493129542419
3.16,0.0644586295170088
3.17,0.0661330238082521
3.18,0.0675360416169049
3.19,0.0686363386515932
3.2,0.0694084188715695
3.21,0.0698332314467818
3.22,0.0698986702670171
3.23,0.0695999370405602
3.24,0.0689397278939436
3.25,0.0679282880812788
3.26,0.06658330684105
3.27,0.0649296614635458
3.28,0.0629989722686829
3.29,0.0608290650949768
3.3,0.0584632299770448
3.31,0.0559494188425752
3.32,0.0533392651754096
3.33,0.0506870773251688
3.34,0.0480486825326175
3.35,0.0454802942367695
3.36,0.0430372968327879
3.37,0.0407730551146811
3.38,0.0387377259096908
3.39,0.0369771491418409
3.4,0.0355317646812094
3.41,0.0344356813931799
3.42,0.0337158176665458
3.43,0.0333912190976007
3.44,0.0334725062900057
3.45,0.033961515471448
3.46,0.0348511204172907
3.47,0.0361252417476565
3.48,0.0377590552855296
3.49,0.0397193994702552
3.5,0.041965381734226
3.51,0.0444491323845046
3.52,0.0471167983650973
3.53,0.0499096024369397
3.54,0.0527651082111748
3.55,0.0556185599553855
3.56,0.0584042860397522
3.57,0.0610572111298698
3.58,0.0635143115922918
3.59,0.0657161179073711
3.6,0.067608152248544
3.61,0.0691422526214997
3.62,0.0702778259894353
3.63,0.0709829394234238
3.64,0.0712352233687114
3.65,0.0710225678650119
3.66,0.0703436229892678
3.67,0.0692080529359248
3.68,0.0676364804777232
3.69,0.0656602458392102
3.7,0.0633208551485704
3.71,0.0606691820684472
3.72,0.0577644512901269
3.73,0.0546729442566216
3.74,0.0514665567052195
3.75,0.0482211857141955
3.76,0.0450149467691719
3.77,0.0419263457165293
3.78,0.0390323855074972
3.79,0.0364066711658789
3.8,0.0341175805851324
3.81,0.0322265147945915
3.82,0.0307863027193177
3.83,0.0298397873419044
3.84,0.0294186245677055
3.85,0.0295423563215933
3.86,0.030217760199618
3.87,0.0314384911177214
3.88,0.0331850682900391
3.89,0.0354251460795969
3.9,0.0381141432224621
3.91,0.0411961575246566
3.92,0.0446051621618549
3.93,0.0482664864236161
3.94,0.0520985202355382
3.95,0.0560146000210103
3.96,0.0599250390033676
3.97,0.0637392736761036
3.98,0.0673680506386102
3.99,0.0707255885864294
4,0.0737317161731525
4.01,0.0763138482385719
4.02,0.0784088655566472
4.03,0.0799647156426104
4.04,0.0809418078708481
4.05,0.0813141036490731
4.06,0.0810698717684294
4.07,0.0802121200926017
4.08,0.0787586751373576
4.09,0.0767418683547743
4.1,0.0742078757265515
4.11,0.071215739947168
4.12,0.0678360214665346
4.13,0.0641491692115757
4.14,0.0602436554352679
4.15,0.0562138720496736
4.16,0.0521578643694132
4.17,0.0481749705742907
4.18,0.0443634157873886
4.19,0.0408178852051619
4.2,0.0376271942261617
4.21,0.0348721027537265
4.22,0.0326232480018326
4.23,0.0309393828261104
4.24,0.0298658503380547
4.25,0.0294333833170718
4.26,0.0296572593921533
4.27,0.0305368158083739
4.28,0.0320553608480487
4.29,0.0341804512206017
4.3,0.0368645904368568
4.31,0.0400462542205555
4.32,0.0436512736612979
4.33,0.0475945844063521
4.34,0.0517821831372344
4.35,0.0561133590396332
4.36,0.0604831156784091
4.37,0.0647846898227422
4.38,0.0689121748706192
4.39,0.072763131067507
4.4,0.0762411503593343
4.41,0.079258305676746
4.42,0.0817373999487487
4.43,0.0836140425910033
4.44,0.0848383590951027
4.45,0.08537641837238
4.46,0.0852112748199694
4.47,0.084343598845952
4.48,0.0827918836890724
4.49,0.0805922362112904
4.5,0.0777976401877921
4.51,0.0744769512359008
4.52,0.0707133141896656
4.53,0.0666023279902754
4.54,0.0622497937707887
4.55,0.0577692352992416
4.56,0.0532791971944343
4.57,0.0489003144365322
4.58,0.0447523793620311
4.59,0.0409513209163887
4.6,0.037606298240879
4.61,0.0348168512800135
4.62,0.0326703087926907
4.63,0.0312394378640633
4.64,0.0305803863241516
4.65,0.0307310474765505
4.66,0.0317098100670871
4.67,0.033514782101415
4.68,0.0361234710680725
4.69,0.0394929840459338
4.7,0.0435607106111149
4.71,0.0482455120924198
4.72,0.0534493452430378
4.73,0.0590593854037245
4.74,0.0649504765507539
4.75,0.0709880031921911
4.76,0.0770309719548061
4.77,0.0829353986233197
4.78,0.0885577370700996
4.79,0.0937584594468722
4.8,0.0984055191829014
4.81,0.102377794276391
4.82,0.105568257229651
4.83,0.107886901226191
4.84,0.109263268509596
4.85,0.109648608492584
4.86,0.109017469621795
4.87,0.10736880308518
4.88,0.104726421074513
4.89,0.101138936046363
4.9,0.0966789764792138
4.91,0.0914418871069394
4.92,0.085543773395481
4.93,0.0791190005788671
4.94,0.0723172482088507
4.95,0.065300061892771
4.96,0.0582370350115386
4.97,0.0513017974252384
4.98,0.0446677514461851
4.99,0.0385037779112192
5,0.0329699385321694
5.01,0.0282133698649856
5.02,0.024364374095605
5.03,0.0215329309247081
5.04,0.0198055725043408
5.05,0.0192428717824855
5.06,0.0198775029726198
5.07,0.021712996722175
5.08,0.024723185492406
5.09,0.0288524259933083
5.1,0.0340165276778911
5.11,0.0401044554684422
5.12,0.0469807032407199
5.13,0.0544883487809111
5.14,0.0624526652941191
5.15,0.0706852401532974
5.16,0.0789884768396563
5.17,0.0871604432857754
5.18,0.0949997988148207
5.19,0.102310862311417
5.2,0.108908561167403
5.21,0.114623203247663
5.22,0.119304913131358
5.23,0.122827690901172
5.24,0.125092869123536
5.25,0.126032021771001
5.26,0.12560914745011
5.27,0.123822078090086
5.28,0.120703063352244
5.29,0.116318590093357
5.3,0.110768259970572
5.31,0.104182902464683
5.32,0.0967218764651536
5.33,0.0885695440815722
5.34,0.0799311844409277
5.35,0.0710282161222193
5.36,0.0620929886283531
5.37,0.0533632106563698
5.38,0.0450761455644444
5.39,0.0374627060989864
5.4,0.0307416626883121
5.41,0.0251140335290121
5.42,0.0207578230655372
5.43,0.0178233080591681
5.44,0.016428895304376
5.45,0.01665773672893
5.46,0.0185551772593613
5.47,0.0221270668213308
5.48,0.0273390338554839
5.49,0.0341167394936786
5.5,0.0423470410142966
5.51,0.0518801850898311
5.52,0.0625327623366805
5.53,0.0740916287763342
5.54,0.0863184899577312
5.55,0.0989550931101246
5.56,0.111729043715279
5.57,0.124359930840871
5.58,0.136565730435674
5.59,0.148069386911878
5.6,0.158605304170967
5.61,0.167925684584833
5.62,0.175806580354884
5.63,0.182053491918763
5.64,0.186506319436261
5.65,0.189043651556006
5.66,0.18958620589342
5.67,0.188099330529857
5.68,0.18459448646832
5.69,0.179129647006453
5.7,0.171808605454981
5.71,0.162779126178884
5.72,0.152230039831912
5.73,0.140387246674348
5.74,0.127508730892793
5.75,0.113878850349833
5.76,0.0998016846526095
5.77,0.0855940565857881
5.78,0.0715779956625188
5.79,0.0580731016932674
5.8,0.0453888959802541
5.81,0.0338173329451693
5.82,0.0236257161514728
5.83,0.0150501894700117
5.84,0.00828991410299338
5.85,0.00350210087957029
5.86,0.000798026339981995
5.87,0.000240080332441242
5.88,0.00183996765001652
5.89,0.00555806081893218
5.9,0.011303955191024
5.91,0.0189382003457327
5.92,0.0282752160305825
5.93,0.0390873139460974
5.94,0.0511097351264441
5.95,0.0640467408399042
5.96,0.0775784006966396
5.97,0.0913682197680349
5.98,0.105071190348777
5.99,0.118342277957438
6,0.13084505799102
6.01,0.142260182471336
6.02,0.152293748851928
6.03,0.160684939816064
6.04,0.167213109773944
6.05,0.171703832075913
6.06,0.174033778409476
6.07,0.174134431128314
6.08,0.171994295010513
6.09,0.167659664254125
6.1,0.1612338603178
6.11,0.152875047264675
6.12,0.142792515803079
6.13,0.131241741505814
6.14,0.118518174991969
6.15,0.104950103866079
6.16,0.0908905504379623
6.17,0.0767086845198768
6.18,0.0627807690076191
6.19,0.0494808517127029
6.2,0.0371715475792253
6.21,0.0261950486491937
6.22,0.0168644978891083
6.23,0.00945608534764132
6.24,0.00420189553646596
6.25,0.00128376738778208
6.26,0.000828304070913763
6.27,0.00290315952913471
6.28,0.00751473149577076
6.29,0.0146073272788586
6.3,0.0240638728765128
6.31,0.0357081683444936
6.32,0.0493086404714823
6.33,0.0645835672024283
6.34,0.081207586420976
6.35,0.0988193759724291
6.36,0.117030302896278
6.37,0.135433791351054
6.38,0.153615168430749
6.39,0.171161682605549
6.4,0.187672548217473
6.41,0.202768595129852
6.42,0.216101393037082
6.43,0.227361620810455
6.44,0.236286426755097
6.45,0.242665690650792
6.46,0.246347062917707
6.47,0.247239653218935
6.48,0.245316301766844
6.49,0.240614520119492
6.5,0.233235955922799
6.51,0.223344435839991
6.52,0.211162815706595
6.53,0.196968377540142
6.54,0.181087133271057
6.55,0.163886859297747
6.56,0.145769370677367
6.57,0.127161570448181
6.58,0.108505945496246
6.59,0.0902503962434842
6.6,0.0728375803302266
6.61,0.056694143446985
6.62,0.0422199564605566
6.63,0.0297776806274421
6.64,0.0196829238290152
6.65,0.0121954272061521
6.66,0.00751143610131676
6.67,0.00575758633641827
6.68,0.00698662214962881
6.69,0.0111750528131736
6.7,0.0182229301456932
6.71,0.0279557644880897
6.72,0.0401285447575443
6.73,0.0544317984192686
6.74,0.0704994536510729
6.75,0.0879183084841759
6.76,0.10623871465536
6.77,0.124986365809665
6.78,0.14367453572841
6.79,0.161816799842194
6.8,0.17893950124172
6.81,0.194594022434177
6.82,0.20836829545195
6.83,0.219897484431551
6.84,0.228873462901119
6.85,0.235052978865516
6.86,0.238264415461802
6.87,0.238412816108182
6.88,0.235483150198378
6.89,0.229541871259804
6.9,0.220736458739534
6.91,0.209293110671786
6.92,0.195512418355054
6.93,0.179763271456728
6.94,0.162474844448807
6.95,0.144127147502944
6.96,0.125239831682728
6.97,0.106360096737788
6.98,0.0880493611176997
6.99,0.070869650939303
7,0.0553695081194106
7.01,0.0420701338171058
7.02,0.0314520856493531
7.03,0.023942724832129
7.04,0.0199049218130837
7.05,0.0196272406933939
7.06,0.0233158366482148
7.07,0.0310883018994308
7.08,0.0429696274233591
7.09,0.0588903863903173
7.1,0.0786871780019629
7.11,0.1021054033761
7.12,0.128804280669255
7.13,0.158363950623353
7.14,0.190294537538773
7.15,0.224046753950434
7.16,0.259024076168267
7.17,0.294595546824518
7.18,0.330109520751927
7.19,0.364907388445878
7.2,0.398337406629833
7.21,0.429768113243096
7.22,0.458601112437702
7.23,0.484283202267128
7.24,0.506317485566269
7.25,0.524273532544462
7.26,0.537796464113473
7.27,0.546614481510054
7.28,0.5505452912245
7.29,0.549500926715352
7.3,0.543490686224493
7.31,0.532622384647611
7.32,0.517101780220891
7.33,0.497229661621182
7.34,0.473397093306997
7.35,0.446078456542143
7.36,0.415822147665616
7.37,0.383239549396407
7.38,0.348992083470949
7.39,0.3137766518714
7.4,0.278309880476218
7.41,0.243311359854511
7.42,0.209486602583837
7.43,0.177509948878098
7.44,0.148008014282381
7.45,0.121544236118024
7.46,0.0986048240171934
7.47,0.0795867194805497
7.48,0.0647878437198438
7.49,0.0544000041904683
7.5,0.0485047407456411
7.51,0.0470721626758067
7.52,0.0499628635417969
7.53,0.0569328963387636
7.54,0.0676414133213286
7.55,0.081660888763769
7.56,0.0984894391443264
7.57,0.117565008640657
7.58,0.138280898554832
7.59,0.160002429333238
7.6,0.182084302824293
7.61,0.203888221656098
7.62,0.224800323172553
7.63,0.244247804344372
7.64,0.261714308906835
7.65,0.276753095330756
7.66,0.288997983189228
7.67,0.298171233588994
7.68,0.304088417918409
7.69,0.306660305303945
7.7,0.305892005480018
7.71,0.301879706763537
7.72,0.294805441502681
7.73,0.284930473358099
7.74,0.272587439807693
7.75,0.258171953904582
7.76,0.242133406562381
7.77,0.224965556981334
7.78,0.207196581983718
7.79,0.18937851859414
7.8,0.172076271318605
7.81,0.15585570728233
7.82,0.1412708520802
7.83,0.128850434946173
7.84,0.119083645981561
7.85,0.112405589641481
7.86,0.109182876365813
7.87,0.10969969868668
7.88,0.114145452925498
7.89,0.122604256802356
7.9,0.135047273742238
7.91,0.151328657929372
7.92,0.171185597768581
7.93,0.194242791069568
7.94,0.22002193060963
7.95,0.247955438630118
7.96,0.277404437138272
7.97,0.307679873281077
7.98,0.33806568769639
7.99,0.367842701353045
8,0.396311985087757
8.01,0.422816266809936
8.02,0.44675828385125
8.03,0.467615555704712
8.04,0.484950810870895
8.05,0.498418117666494
8.06,0.507765065647304
8.07,0.512831427681686
8.08,0.513545047147918
8.09,0.509916072235013
8.1,0.502030027111197
8.11,0.490040649908895
8.12,0.474163446312439
8.13,0.454669754628698
8.14,0.431882078487935
8.15,0.406169969691141
8.16,0.377946978877961
8.17,0.347667709859592
8.18,0.315824444450402
8.19,0.282943228708297
8.2,0.249578139536063
8.21,0.216304056294365
8.22,0.183706655077765
8.23,0.152370323194266
8.24,0.12286358218095
8.25,0.0957225805166569
8.26,0.0714334202578509
8.27,0.0504141240957185
8.28,0.0329977646277192
8.29,0.0194178424543379
8.3,0.00979748731559802
8.31,0.00414358876418719
8.32,0.00234656495800056
8.33,0.00418593536483006
8.34,0.00934119852415335
8.35,0.017406969571474
8.36,0.0279109068139883
8.37,0.0403329616220049
8.38,0.0541245727885381
8.39,0.0687267385774264
8.4,0.0835865643005698
8.41,0.0981717671061442
8.42,0.111983448359656
8.43,0.124567140626119
8.44,0.13552240209777
8.45,0.144511043935497
8.46,0.151264243160089
8.47,0.155588106406546
8.48,0.157368059537481
8.49,0.156571667419685
8.5,0.153249914451065
8.51,0.147536933478082
8.52,0.139648002227452
8.53,0.129875701951066
8.54,0.11858393102766
8.55,0.106199655831005
8.56,0.0932019613097558
8.57,0.0801080457686258
8.58,0.0674566779501648
8.59,0.0557887665825296
8.6,0.0456266534896154
8.61,0.0374525556644624
8.62,0.0316879733813364
8.63,0.0286753339108465
8.64,0.0286630161995736
8.65,0.0317948155118335
8.66,0.0381041453989516
8.67,0.0475129265933769
8.68,0.0598346718835905
8.69,0.074781006622885
8.7,0.0919708009678614
8.71,0.110941259325622
8.72,0.131160711763671
8.73,0.15204277619104
8.74,0.172962524185066
8.75,0.193274216814973
8.76,0.212331135624684
8.77,0.229506288503537
8.78,0.244213515607836
8.79,0.255927893810733
8.8,0.264204197065214
8.81,0.268693341371816
8.82,0.26915637500123
8.83,0.265476473661031
8.84,0.257669241234542
8.85,0.245891469460575
8.86,0.230448231902558
8.87,0.211797008359685
8.88,0.19054769152394
8.89,0.167456767270691
8.9,0.14341424455756
8.91,0.119422696513878
8.92,0.0965690546170923
8.93,0.075990956974441
8.94,0.0588399614890676
8.95,0.0462448561419593
8.96,0.0392776335279411
8.97,0.0389239367794851
8.98,0.0460588188016898
8.99,0.0614276934096757
9,0.0856313440048087
9.01,0.119113916709983
9.02,0.162152328557916
9.03,0.214846561214326
9.04,0.277110525574417
9.05,0.348664283934698
9.06,0.429029210682779
9.07,0.517527894039345
9.08,0.613289815553822
9.09,0.71526269215651
9.1,0.822227515483782
9.11,0.932814568139808
9.12,1.04551778618692
9.13,1.15870633391739
9.14,1.27063601807733
9.15,1.37946358314945
9.16,1.4832702061183
9.17,1.58009634672302
9.18,1.66798950118169
9.19,1.74506278481797
9.2,1.80955940141132
9.21,1.85991911622578
9.22,1.89484283007676
9.23,1.91335151771225
9.24,1.91483905209922
9.25,1.89911411936521
9.26,1.86642939410703
9.27,1.81749142424578
9.28,1.75344848163575
9.29,1.67585215062065
9.3,1.58659452611846
9.31,1.48782420935413
9.32,1.38185017351922
9.33,1.27104377300157
9.34,1.15774802766763
9.35,1.04420219326484
9.36,0.932485452114671
9.37,0.824479423599037
9.38,0.721846301132562
9.39,0.626019139391314
9.4,0.538200193547815
9.41,0.459367976682551
9.42,0.390293669312244
9.43,0.331569264351916
9.44,0.283646139476361
9.45,0.246878446131346
9.46,0.221561224558975
9.47,0.207951588099253
9.48,0.206263835262012
9.49,0.216635956748976
9.5,0.239073009688144
9.51,0.273377783347857
9.52,0.319081768029976
9.53,0.375388523682462
9.54,0.441137412593828
9.55,0.514794997616627
9.56,0.594478037476312
9.57,0.678009035061792
9.58,0.763001076087899
9.59,0.846962029008135
9.6,0.927402808569493
9.61,1.00193568059641
9.62,1.06835251515225
9.63,1.12468184706419
9.64,1.16923191492988
9.65,1.20062979233935
9.66,1.21786437926679
9.67,1.22033113531859
9.68,1.20787006677191
9.69,1.18078030393654
9.7,1.13980128249759
9.71,1.08605853294979
9.72,1.02098665239188
9.73,0.946247681931337
9.74,0.863664171185458
9.75,0.775177592685071
9.76,0.682830433230751
9.77,0.58875893485065
9.78,0.495180334892147
9.79,0.404357796154332
9.8,0.318535420965338
9.81,0.239847307814443
9.82,0.17021305667978
9.83,0.111240780155118
9.84,0.0641575196405111
9.85,0.0297815553508935
9.86,0.00854029470067037
9.87,0.000526675405657572
9.88,0.00557869428213977
9.89,0.0233634943862484
9.9,0.0534487092058295
9.91,0.0953477999797952
9.92,0.148532205859191
9.93,0.212409845177724
9.94,0.28627712190337
9.95,0.369260001727801
9.96,0.460264444262184
9.97,0.557957087182486
9.98,0.660787155152905
9.99,0.7670448608925
10,0.874933069847131
10.01,0.982621909712818
10.02,1.08826320038259
10.03,1.18996497849771
10.04,1.28574887509384
10.05,1.3735264485391
10.06,1.45112417661859
10.07,1.51636786697619
10.08,1.56721119853806
10.09,1.60187846043088
10.1,1.61898767033922
10.11,1.61763438437194
10.12,1.59743532655074
10.13,1.55854678454798
10.14,1.50167516903837
10.15,1.42809156651235
10.16,1.33964313684463
10.17,1.23873632684432
10.18,1.12827674665515
10.19,1.01155718771164
10.2,0.892105384699079
10.21,0.773519381623212
10.22,0.659316605283062
10.23,0.552809739677173
10.24,0.457008932270929
10.25,0.374543044970793
10.26,0.30759500514551
10.27,0.257854710296303
10.28,0.226493995123777
10.29,0.214165037814076
10.3,0.221021979482679
10.31,0.246766801366105
10.32,0.290720954637096
10.33,0.351916919663625
10.34,0.429190163877178
10.35,0.52123947557218
10.36,0.62662764572186
10.37,0.74371592075795
10.38,0.870559251736634
10.39,1.00481532916212
10.4,1.143722098436
10.41,1.28417058744496
10.42,1.4228581207523
10.43,1.55647146303049
10.44,1.68184641590394
10.45,1.79607112823597
10.46,1.89654188128455
10.47,1.98100184467024
10.48,2.04759435678817
10.49,2.09493660862078
10.5,2.12219105742599
10.51,2.12910380624245
10.52,2.11599699276119
10.53,2.08373018165498
10.54,2.0336522872705
10.55,1.9675487081637
10.56,1.88755877147452
10.57,1.79604697917776
10.58,1.695441619099
10.59,1.58809195718398
10.6,1.47619510424949
10.61,1.36180578314711
10.62,1.24690148804925
10.63,1.13344819571947
10.64,1.02342042610559
10.65,0.918763231150292
10.66,0.821323074220718
10.67,0.732791629499317
10.68,0.654692597177948
10.69,0.588399673339618
10.7,0.535149419694393
10.71,0.496016549683363
10.72,0.471847443444788
10.73,0.463172988360154
10.74,0.47013382791624
10.75,0.492436855824497
10.76,0.529350414928566
10.77,0.579741458145012
10.78,0.642162114551597
10.79,0.714987029779409
10.8,0.796576057958116
10.81,0.885408961187254
10.82,0.980137402219493
10.83,1.07953162911303
10.84,1.18234852861033
10.85,1.28718485492913
10.86,1.39238916254794
10.87,1.49607426222943
10.88,1.59622072964726
10.89,1.69080759146303
10.9,1.77789785520379
10.91,1.85564617410449
10.92,1.92224759161795
10.93,1.97587577019124
10.94,2.01465900637081
10.95,2.0367291276309
10.96,2.0403732203153
10.97,2.02427023053389
10.98,1.98772944386707
10.99,1.93083744812071
11,1.85451219251953
11.01,1.76053289574093
11.02,1.65157893104864
11.03,1.53121100306719
11.04,1.40369651735432
11.05,1.27365123835157
11.06,1.14557142773298
11.07,1.02338149659063
11.08,0.910108808514177
11.09,0.807748486500345
11.1,0.717325121415575
11.11,0.639107711481787
11.12,0.572899027128584
11.13,0.518309983484611
11.14,0.47495096198875
11.15,0.44251918361885
11.16,0.420806187757151
11.17,0.409665758382397
11.18,0.408966381633794
11.19,0.418530311140052
11.2,0.438060777625114
11.21,0.467078715299911
11.22,0.504895731166128
11.23,0.550619174949751
11.24,0.603147099052652
11.25,0.661118654013535
11.26,0.722825837684009
11.27,0.786122542732057
11.28,0.848360376616172
11.29,0.906385019257138
11.3,0.95664423238697
11.31,0.995474488868581
11.32,1.01958993006153
11.33,1.02669672260849
11.34,1.01603977835779
11.35,0.9886439403348
11.36,0.947100249376425
11.37,0.89494671139539
11.38,0.835872868347161
11.39,0.773035306896255
11.4,0.708712370172102
11.41,0.644394505700775
11.42,0.581231762608058
11.43,0.520577638879707
11.44,0.464305661578272
11.45,0.414734800658695
11.46,0.374278953655886
11.47,0.34508266132713
11.48,0.328807311065598
11.49,0.326531604011664
11.5,0.338634445408359
11.51,0.364618069569601
11.52,0.403016761614752
11.53,0.45161979087718
11.54,0.508086428134187
11.55,0.570719478863668
11.56,0.638973818308312
11.57,0.713423891941154
11.58,0.7952951169408
11.59,0.885932078415539
11.6,0.986518576202499
11.61,1.09810265628148
11.62,1.22176715598398
11.63,1.35867085824585
11.64,1.50961075813382
11.65,1.6739108706596
11.66,1.84795493089917
11.67,2.02421505895083
11.68,2.19164205889584
11.69,2.33771836952305
11.7,2.45170505380747
11.71,2.52789301485706
11.72,2.56724651074875
11.73,2.57639981132275
11.74,2.56459043987085
11.75,2.54038034376899
11.76,2.50969935665008
11.77,2.47542656310974
11.78,2.43782447541493
11.79,2.39516514908487
11.8,2.34437544510652
11.81,2.28191487876489
11.82,2.20509068189082
11.83,2.11352795674359
11.84,2.01000074420489
11.85,1.89993788889148
11.86,1.78962128786603
11.87,1.68384628651921
11.88,1.58417337623982
11.89,1.48862834380659
11.9,1.39280022554148
11.91,1.29145802462386
11.92,1.17991631835837
11.93,1.05513843820975
11.94,0.916819852798864
11.95,0.768222666389319
11.96,0.616107490726855
11.97,0.46939426290744
11.98,0.336983701633597
11.99,0.225724098806502
12,0.139283600599097
12.01,0.078024091788421
12.02,0.0395531214492781
12.03,0.0196334596812948
12.04,0.0132638317748396
12.05,0.015774299093607
12.06,0.0237291865101395
12.07,0.0353527999249871
12.08,0.0502591372723832
12.09,0.0686799651586169
12.1,0.0908005270018741
12.11,0.11663919064857
12.12,0.146264100807612
12.13,0.179751444914197
12.14,0.216665203633714
12.15,0.255607487425432
12.16,0.294428161046577
12.17,0.330806643062406
12.18,0.362501283102464
12.19,0.387220516314504
12.2,0.402686315613045
12.21,0.407209483797851
12.22,0.400443794870117
12.23,0.383662261139462
12.24,0.359189976346681
12.25,0.329318591858504
12.26,0.295471734113763
12.27,0.258191698165445
12.28,0.217916176713976
12.29,0.175972971110409
12.3,0.135035347346301
12.31,0.0985882082815596
12.32,0.0696364116124893
12.33,0.049494718551018
12.34,0.0375082667063519
12.35,0.0318916663209658
12.36,0.0310840012610819
12.37,0.0347015403923284
12.38,0.0435071817458672
12.39,0.0584797095711624
12.4,0.0796428212248443
12.41,0.105562586580726
12.42,0.133994881499964
12.43,0.163077914836341
12.44,0.191822654620985
12.45,0.21944652255159
12.46,0.244590615316119
12.47,0.265919741543982
12.48,0.284050329665984
12.49,0.302577514296291
12.5,0.326353525863779
12.51,0.358246533053801
12.52,0.397334770486512
12.53,0.439858135119262
12.54,0.481724271889593
12.55,0.520514764272713
12.56,0.55571627675212
12.57,0.587366403695051
12.58,0.614736458654402
12.59,0.636492885976354
12.6,0.651767663912126
12.61,0.660565649613289
12.62,0.663288436199886
12.63,0.660456459611912
12.64,0.652898443095712
12.65,0.641303898875154
12.66,0.624940673996662
12.67,0.600885703154684
12.68,0.564461038537048
12.69,0.5111593884463
12.7,0.440170503123615
12.71,0.357046098145817
12.72,0.272213853224097
12.73,0.196161830459967
12.74,0.135297760008567
12.75,0.0907339919838698
12.76,0.0596074717028545
12.77,0.0375754491263643
12.78,0.0210350532743557
12.79,0.00846736409296172
12.8,0.00101656776541491
12.81,0.00192262380466947
12.82,0.0147087321573371
12.83,0.0415431819513465
12.84,0.0838843069109265
12.85,0.145793854053683
12.86,0.236085201901901
12.87,0.364081707411537
12.88,0.530172183733538
12.89,0.71963703190718
12.9,0.906282099596098
12.91,1.0638170029331
12.92,1.17743076774998
12.93,1.24834263889898
12.94,1.28865466090375
12.95,1.31076791644602
12.96,1.31905083566094
12.97,1.30871985706353
12.98,1.27229448385734
12.99,1.20956490139119
13,1.13320340235655
13.01,1.06394525322651
13.02,1.01828878247157
13.03,0.999086060963609
13.04,0.996493989886533
13.05,0.996706641773723
13.06,0.989538131321817
13.07,0.969485162100334
13.08,0.932278271964611
13.09,0.872536050506433
13.1,0.786848140899327
13.11,0.678980439349102
13.12,0.559168755515827
13.13,0.437367997380213
13.14,0.319837401220914
13.15,0.212782259348428
13.16,0.124916958790447
13.17,0.0638649150603806
13.18,0.0307820345362201
13.19,0.0188421272830807
13.2,0.0170012446154334
13.21,0.0160718758705711
13.22,0.0125539699117949
13.23,0.00830373483131431
13.24,0.00772971967690204
13.25,0.0148274028660346
13.26,0.031018996791929
13.27,0.0551163912409246
13.28,0.0864211181110783
13.29,0.128097636353603
13.3,0.185687945205148
13.31,0.259923940514049
13.32,0.341001730151966
13.33,0.412814702655713
13.34,0.464972097174412
13.35,0.501399450674293
13.36,0.537370494971351
13.37,0.586713783874851
13.38,0.651012852960905
13.39,0.722463323023498
13.4,0.794721539621914
13.41,0.866693052229554
13.42,0.940099004386116
13.43,1.01921987511793
13.44,1.10932391180919
13.45,1.20994730323182
13.46,1.31143001867554
13.47,1.40244516137477
13.48,1.48277013097806
13.49,1.56742601388407
13.5,1.67377116727886
13.51,1.80172466692508
13.52,1.93069422752213
13.53,2.03864709714431
13.54,2.1170532809256
13.55,2.16406841474672
13.56,2.17161255947222
13.57,2.12357480549711
13.58,2.00870162182087
13.59,1.84073744336084
13.6,1.66076441636825
13.61,1.50457124662407
13.62,1.36979548369043
13.63,1.22897973806324
13.64,1.06933342604251
13.65,0.907849858734814
13.66,0.772416961479901
13.67,0.677623294563448
13.68,0.616513841926711
13.69,0.568457173667402
13.7,0.513919501613471
13.71,0.445994568024086
13.72,0.372393601012212
13.73,0.308208496403923
13.74,0.266513294294877
13.75,0.253426206923124
13.76,0.267865315483204
13.77,0.303354076962815
13.78,0.350247611319381
13.79,0.398625843238519
13.8,0.442983460382294
13.81,0.486815466873234
13.82,0.5432639131548
13.83,0.632202888210473
13.84,0.776668206954345
13.85,0.998526835964701
13.86,1.3101385267104
13.87,1.70520771888672
13.88,2.15980443081165
13.89,2.64706757028027
13.9,3.14728667304847
13.91,3.63868307253813
13.92,4.08958326966475
13.93,4.46905405352283
13.94,4.75918913537146
13.95,4.9561338757613
13.96,5.06799511570186
13.97,5.11373539981792
13.98,5.11415736317518
13.99,5.0787980693578
14,5.01000873479358
14.01,4.91773721954904
14.02,4.81810077242024
14.03,4.7229198389817
14.04,4.63933314591358
14.05,4.5741534991388
14.06,4.52574784513248
14.07,4.4714458136958
14.08,4.37889087951875
14.09,4.23555500401904
14.1,4.05397319040838
14.11,3.8372714683186
14.12,3.55941070400971
14.13,3.19872752574403
14.14,2.77760503426757
14.15,2.3623887911737
14.16,2.02958232348632
14.17,1.82668139030464
14.18,1.75354197933472
14.19,1.77228368334444
14.2,1.83526385511868
14.21,1.91130126736185
14.22,1.99656727136469
14.23,2.10253536304207
14.24,2.22857117134971
14.25,2.35126623594276
14.26,2.44233377634181
14.27,2.47957311658209
14.28,2.43835948132135
14.29,2.29936732046201
14.3,2.07197867116155
14.31,1.79793632642028
14.32,1.52139475577865
14.33,1.25747361501669
14.34,1.00064917091885
14.35,0.7537527440947
14.36,0.532906183138688
14.37,0.353565447253273
14.38,0.222662147125276
14.39,0.136409915997384
14.4,0.0835454299786749
14.41,0.0538234853152922
14.42,0.0443809302230406
14.43,0.0610696211440416
14.44,0.111803565732247
14.45,0.195566679944514
14.46,0.300215491094151
14.47,0.411707390929553
14.48,0.521390328062583
14.49,0.620677484259222
14.5,0.694687748118304
14.51,0.728298616684325
14.52,0.716353694653886
14.53,0.665787835892639
14.54,0.590936172121729
14.55,0.508294964757383
14.56,0.432205382130162
14.57,0.369998599503126
14.58,0.320027480148072
14.59,0.278219801833815
14.6,0.241838296416871
14.61,0.208057865840339
14.62,0.17645058231983
14.63,0.148054202110539
14.64,0.121091297751577
14.65,0.0941111558043895
14.66,0.0700970128747466
14.67,0.0525241361184522
14.68,0.0402201754602108
14.69,0.0287204438053413
14.7,0.0166921724575438
14.71,0.00822993140229667
14.72,0.0077295579459345
14.73,0.015531713120415
14.74,0.0285197336167866
14.75,0.0437902452670994
14.76,0.0618898146802858
14.77,0.0855058526852073
14.78,0.117012738740481
14.79,0.163759764651845
14.8,0.246518447410513
14.81,0.396437213688937
14.82,0.632231829563809
14.83,0.93743694654554
14.84,1.26422485201745
14.85,1.55441619379983
14.86,1.76069432772207
14.87,1.86666242518971
14.88,1.89003063902767
14.89,1.85214422416056
14.9,1.7600490391091
14.91,1.61869431330568
14.92,1.42910357212453
14.93,1.19137444425842
14.94,0.933965144412029
14.95,0.708267769741901
14.96,0.545781325650984
14.97,0.443107111913931
14.98,0.382163862854812
14.99,0.34686911704887
15,0.324373336238369
15.01,0.318193263172756
15.02,0.355960572299082
15.03,0.46861377683182
15.04,0.67235834113284
15.05,0.959415485336984
15.06,1.2845469824998
15.07,1.5716873848578
15.08,1.75731875374593
15.09,1.83535179264529
15.1,1.84936052724564
15.11,1.83353749412358
15.12,1.78640094162913
15.13,1.70472913109515
15.14,1.61060097319956
15.15,1.52859651386378
15.16,1.45345506230337
15.17,1.36108558332462
15.18,1.24617141467744
15.19,1.12962986096621
15.2,1.02743443374474
15.21,0.928695129710941
15.22,0.816180639216474
15.23,0.690294816613744
15.24,0.565423856812131
15.25,0.458906715072395
15.26,0.3888538214613
15.27,0.376648728136357
15.28,0.440137174664496
15.29,0.573093477104902
15.3,0.735389982346276
15.31,0.887373295536602
15.32,1.02007294845055
15.33,1.13826348946764
15.34,1.23560547853612
15.35,1.28573800885138
15.36,1.26033327855876
15.37,1.18143361600907
15.38,1.1297700724448
15.39,1.17679189149733
15.4,1.30954782105595
15.41,1.43044362507277
15.42,1.45568660062813
15.43,1.39850702402362
15.44,1.33112523488603
15.45,1.30489622301259
15.46,1.32401569146479
15.47,1.36760905578272
15.48,1.41486463749435
15.49,1.44928007689465
15.5,1.45968101735462
15.51,1.43451473394593
15.52,1.35722078643844
15.53,1.23929857889139
15.54,1.13545260500087
15.55,1.08432311447857
15.56,1.06306775287503
15.57,1.021335613778
15.58,0.93633466686365
15.59,0.826935492205971
15.6,0.727768279319061
15.61,0.651608698436417
15.62,0.575389093834474
15.63,0.474675054364837
15.64,0.357388071797494
15.65,0.243450743882644
15.66,0.146107192293214
15.67,0.09085594722491
15.68,0.10763880322871
15.69,0.182086447776403
15.7,0.273734444234885
15.71,0.372169729683242
15.72,0.470905259054181
15.73,0.54203867256674
15.74,0.575582479789578
15.75,0.590105413686848
15.76,0.613750673529057
15.77,0.666241320679728
15.78,0.718415974237828
15.79,0.703154566268028
15.8,0.609063020681755
15.81,0.508731276637887
15.82,0.468737771060113
15.83,0.510320831507833
15.84,0.627565606102093
15.85,0.7891631883212
15.86,0.939351702477508
15.87,1.03295770942417
15.88,1.05577087448132
15.89,1.02505149989862
15.9,0.964217883981419
15.91,0.869886438528665
15.92,0.729593447033178
15.93,0.564917347203922
15.94,0.429197439196148
15.95,0.369018336994966
15.96,0.382333822406848
15.97,0.41739668093075
15.98,0.432489430098632
15.99,0.432613078929185
16,0.433843016700045
16.01,0.435415700585282
16.02,0.448659275203284
16.03,0.502370964384379
16.04,0.598598211386138
16.05,0.715335018025809
16.06,0.852541946275181
16.07,1.03623018345553
16.08,1.27788905666039
16.09,1.53745374264329
16.1,1.75729932727939
16.11,1.8893862607463
16.12,1.9161129398317
16.13,1.9438719672747
16.14,2.12403884068398
16.15,2.4388345494651
16.16,2.74001375206445
16.17,2.94145583522989
16.18,3.02993466796417
16.19,3.01596700985158
16.2,2.88051631721509
16.21,2.56128646093333
16.22,2.05457868944516
16.23,1.47185389107975
16.24,0.98608568412399
16.25,0.703424467584163
16.26,0.653881041922904
16.27,0.82020399292477
16.28,1.10717996104846
16.29,1.41186744082926
16.3,1.68726559311067
16.31,1.89074824366989
16.32,2.00018998395385
16.33,2.09294737201093
16.34,2.2709793134907
16.35,2.51304130685802
16.36,2.71347084036188
16.37,2.84465734751383
16.38,2.9790771462245
16.39,3.15499728364194
16.4,3.31265847788936
16.41,3.36683273855486
16.42,3.26655799910658
16.43,3.0283680615926
16.44,2.75403297133673
16.45,2.55289482247463
16.46,2.44059101627637
16.47,2.36512199079808
16.48,2.30631066579938
16.49,2.28871290930574
16.5,2.30762408981888
16.51,2.27945746649732
16.52,2.13505496101628
16.53,1.8906027451013
16.54,1.60980209287364
16.55,1.37223645102079
16.56,1.21662161832983
16.57,1.13860173953557
16.58,1.10689692478418
16.59,1.08512699326032
16.6,1.09159456521877
16.61,1.17768964232309
16.62,1.34885207576259
16.63,1.48478252346574
16.64,1.4376172126216
16.65,1.20823733752081
16.66,0.915688466151445
16.67,0.672553550525728
16.68,0.5435344876699
16.69,0.519547619205088
16.7,0.518053100643575
16.71,0.485388806304482
16.72,0.417816019975956
16.73,0.324617951159235
16.74,0.23066612456197
16.75,0.150244797164459
16.76,0.0876463386323066
16.77,0.0468250898266155
16.78,0.0276989953720128
16.79,0.0291489794307621
16.8,0.0552472912632629
16.81,0.108416924909031
16.82,0.180126615493346
16.83,0.252433053974636
16.84,0.309059462869
16.85,0.348378114194669
16.86,0.391281483859497
16.87,0.479977733254001
16.88,0.663234721702496
16.89,0.939624486138645
16.9,1.21648364013168
16.91,1.34979597638606
16.92,1.30406165076832
16.93,1.17436610969562
16.94,0.980630719972764
16.95,0.705336591149768
16.96,0.412410440778386
16.97,0.188336733942449
16.98,0.0847103221728823
16.99,0.107016921424207
17,0.201643361026417
17.01,0.2741895268826
17.02,0.272797494741213
17.03,0.225367371771035
17.04,0.173799612751429
17.05,0.14144189741564
17.06,0.217728530577553
17.07,0.483672081934284
17.08,0.863055460808033
17.09,1.19068437951486
17.1,1.40186343664365
17.11,1.55330252111094
17.12,1.63889372994782
17.13,1.53375135482009
17.14,1.19491397117301
17.15,0.762754279650841
17.16,0.399199605115315
17.17,0.159053815066518
17.18,0.0580726181028005
17.19,0.0972886301721637
17.2,0.221002604354358
17.21,0.361455862602078
17.22,0.474166660831265
17.23,0.532813991139991
17.24,0.524969231645007
17.25,0.481902630747962
17.26,0.484362326811954
17.27,0.559062963792116
17.28,0.616369647061991
17.29,0.584750010100592
17.3,0.500891481971928
17.31,0.435233255160587
17.32,0.422887558090275
17.33,0.456676311775389
17.34,0.513051606843766
17.35,0.566802673474939
17.36,0.596197194003727
17.37,0.594129604720044
17.38,0.561865558713514
17.39,0.532799909360317
17.4,0.539623126122984
17.41,0.551346399139319
17.42,0.535071370644035
17.43,0.510103926934156
17.44,0.486362270218464
17.45,0.4643606308909
17.46,0.425787921338506
17.47,0.338954774659592
17.48,0.233098547304529
17.49,0.166885834217812
17.5,0.181795370754229
17.51,0.292683677879423
17.52,0.497966454021844
17.53,0.751035223492716
17.54,1.00189954560223
17.55,1.22206583075154
17.56,1.38543562807191
17.57,1.47754832418936
17.58,1.46540445276501
17.59,1.29331998602348
17.6,0.996903767435644
17.61,0.720804046024948
17.62,0.535594970929917
17.63,0.396750537084964
17.64,0.259193808458812
17.65,0.124951408442591
17.66,0.0408962612518395
17.67,0.0552477643904143
17.68,0.157091247838895
17.69,0.276646486583015
17.7,0.351113308845863
17.71,0.379931510229764
17.72,0.39349415493031
17.73,0.426652521001289
17.74,0.501335960992646
17.75,0.637751008551557
17.76,0.855542896864968
17.77,1.14190663824131
17.78,1.45102540132247
17.79,1.71897859946147
17.8,1.91637899462707
17.81,2.05049198456466
17.82,2.16313892376904
17.83,2.29117063355018
17.84,2.39297512389242
17.85,2.42432241490349
17.86,2.46124758805152
17.87,2.60679042600905
17.88,2.78638763914976
17.89,2.77784013342259
17.9,2.50288127234432
17.91,2.05811871568174
17.92,1.63311746064354
17.93,1.55638252982414
17.94,1.81968410041707
17.95,2.10313041022306
17.96,2.15066859337226
17.97,1.9321946434632
17.98,1.63130745626538
17.99,1.41349543627375
18,1.25111604174948
