Freq [GHz],RCSTotal [] - IWavePhi='0deg' IWaveTheta='0deg' Phi='0deg' Theta='0deg'
2,0.016388322
2.01,0.015781467
2.02,0.015173362
2.03,0.0145667
2.04,0.013964161
2.05,0.013368394
2.06,0.012782008
2.07,0.012207559
2.08,0.011647532
2.09,0.011104332
2.1,0.010580273
2.11,0.010077561
2.12,0.009598285
2.13,0.009144408
2.14,0.008717755
2.15,0.008320002
2.16,0.007952674
2.17,0.007617132
2.18,0.007314569
2.19,0.007046006
2.2,0.006812289
2.21,0.006614084
2.22,0.006451878
2.23,0.006325977
2.24,0.006236507
2.25,0.00618342
2.26,0.006166491
2.27,0.006185326
2.28,0.006239366
2.29,0.006327892
2.3,0.006450035
2.31,0.006604776
2.32,0.006790961
2.33,0.007007306
2.34,0.007252405
2.35,0.007524742
2.36,0.007822696
2.37,0.008144555
2.38,0.008488523
2.39,0.008852728
2.4,0.009235237
2.41,0.009634062
2.42,0.010047167
2.43,0.010472484
2.44,0.010907919
2.45,0.011351358
2.46,0.011800684
2.47,0.012253776
2.48,0.012708526
2.49,0.013162843
2.5,0.01361466
2.51,0.014061948
2.52,0.014502716
2.53,0.014935023
2.54,0.015356986
2.55,0.015766781
2.56,0.016162659
2.57,0.016542943
2.58,0.016906039
2.59,0.017250442
2.6,0.017574741
2.61,0.017877622
2.62,0.018157877
2.63,0.018414404
2.64,0.018646215
2.65,0.018852438
2.66,0.01903232
2.67,0.019185232
2.68,0.019310669
2.69,0.019408255
2.7,0.019477739
2.71,0.019519004
2.72,0.01953206
2.73,0.019517048
2.74,0.019474236
2.75,0.019404022
2.76,0.01930693
2.77,0.019183603
2.78,0.019034806
2.79,0.018861421
2.8,0.018664438
2.81,0.018444954
2.82,0.018204167
2.83,0.017943368
2.84,0.017663935
2.85,0.017367325
2.86,0.017055069
2.87,0.016728761
2.88,0.016390051
2.89,0.016040635
2.9,0.015682249
2.91,0.015316657
2.92,0.014945641
2.93,0.014570999
2.94,0.014194525
2.95,0.01381801
2.96,0.013443227
2.97,0.013071923
2.98,0.012705815
2.99,0.012346576
3,0.011995829
3.01,0.011655144
3.02,0.011326026
3.03,0.011009908
3.04,0.01070815
3.05,0.010422029
3.06,0.010152735
3.07,0.009901369
3.08,0.009668934
3.09,0.009456338
3.1,0.009264385
3.11,0.009093776
3.12,0.008945108
3.13,0.008818868
3.14,0.008715438
3.15,0.008635091
3.16,0.008577991
3.17,0.008544196
3.18,0.008533655
3.19,0.008546213
3.2,0.008581613
3.21,0.008639494
3.22,0.008719397
3.23,0.008820769
3.24,0.008942961
3.25,0.009085237
3.26,0.009246775
3.27,0.009426671
3.28,0.009623944
3.29,0.009837542
3.3,0.010066343
3.31,0.010309167
3.32,0.010564772
3.33,0.010831867
3.34,0.011109118
3.35,0.011395147
3.36,0.011688545
3.37,0.011987875
3.38,0.012291679
3.39,0.012598487
3.4,0.012906817
3.41,0.01321519
3.42,0.013522129
3.43,0.013826173
3.44,0.014125876
3.45,0.014419821
3.46,0.01470662
3.47,0.014984925
3.48,0.015253431
3.49,0.015510885
3.5,0.015756089
3.51,0.015987906
3.52,0.016205269
3.53,0.016407179
3.54,0.016592716
3.55,0.016761038
3.56,0.01691139
3.57,0.017043101
3.58,0.017155592
3.59,0.017248376
3.6,0.017321062
3.61,0.01737335
3.62,0.017405042
3.63,0.017416033
3.64,0.017406316
3.65,0.01737598
3.66,0.017325208
3.67,0.017254276
3.68,0.017163552
3.69,0.017053493
3.7,0.016924638
3.71,0.016777613
3.72,0.016613119
3.73,0.016431933
3.74,0.016234902
3.75,0.016022938
3.76,0.015797013
3.77,0.015558158
3.78,0.01530745
3.79,0.015046013
3.8,0.014775012
3.81,0.014495644
3.82,0.014209135
3.83,0.013916735
3.84,0.013619708
3.85,0.013319333
3.86,0.013016893
3.87,0.012713671
3.88,0.012410948
3.89,0.01210999
3.9,0.011812053
3.91,0.011518366
3.92,0.011230139
3.93,0.010948547
3.94,0.010674732
3.95,0.010409796
3.96,0.010154799
3.97,0.009910752
3.98,0.009678614
3.99,0.009459291
4,0.00925363
4.01,0.009062415
4.02,0.008886368
4.03,0.008726142
4.04,0.008582321
4.05,0.008455418
4.06,0.008345873
4.07,0.008254051
4.08,0.008180237
4.09,0.008124646
4.1,0.008087408
4.11,0.00806858
4.12,0.008068138
4.13,0.00808598
4.14,0.008121928
4.15,0.008175727
4.16,0.008247047
4.17,0.008335483
4.18,0.008440561
4.19,0.008561735
4.2,0.008698394
4.21,0.008849861
4.22,0.009015401
4.23,0.009194218
4.24,0.009385464
4.25,0.009588241
4.26,0.009801605
4.27,0.010024571
4.28,0.010256116
4.29,0.010495185
4.3,0.010740696
4.31,0.010991546
4.32,0.011246611
4.33,0.011504757
4.34,0.011764844
4.35,0.012025727
4.36,0.012286266
4.37,0.012545328
4.38,0.012801795
4.39,0.013054565
4.4,0.013302559
4.41,0.013544728
4.42,0.013780051
4.43,0.014007547
4.44,0.014226273
4.45,0.014435331
4.46,0.014633872
4.47,0.014821098
4.48,0.014996262
4.49,0.015158681
4.5,0.015307728
4.51,0.015442839
4.52,0.015563515
4.53,0.015669324
4.54,0.0157599
4.55,0.015834949
4.56,0.015894245
4.57,0.015937633
4.58,0.01596503
4.59,0.015976422
4.6,0.015971869
4.61,0.015951498
4.62,0.015915508
4.63,0.015864164
4.64,0.015797801
4.65,0.015716817
4.66,0.015621675
4.67,0.015512898
4.68,0.015391069
4.69,0.015256826
4.7,0.015110863
4.71,0.01495392
4.72,0.014786788
4.73,0.014610301
4.74,0.01442533
4.75,0.014232783
4.76,0.014033602
4.77,0.013828753
4.78,0.013619227
4.79,0.013406035
4.8,0.0131902
4.81,0.012972755
4.82,0.012754738
4.83,0.012537186
4.84,0.012321134
4.85,0.012107605
4.86,0.011897608
4.87,0.011692135
4.88,0.011492151
4.89,0.011298598
4.9,0.01111238
4.91,0.010934367
4.92,0.010765391
4.93,0.010606232
4.94,0.010457629
4.95,0.010320266
4.96,0.01019477
4.97,0.010081713
4.98,0.009981604
4.99,0.00989489
5,0.009821953
5.01,0.009763106
5.02,0.009718595
5.03,0.009688595
5.04,0.009673212
5.05,0.009672479
5.06,0.00968636
5.07,0.009714746
5.08,0.009757459
5.09,0.009814252
5.1,0.009884807
5.11,0.009968743
5.12,0.010065612
5.13,0.010174903
5.14,0.010296048
5.15,0.010428417
5.16,0.01057133
5.17,0.010724053
5.18,0.010885806
5.19,0.011055765
5.2,0.011233066
5.21,0.011416809
5.22,0.011606065
5.23,0.011799873
5.24,0.011997256
5.25,0.012197214
5.26,0.012398738
5.27,0.012600808
5.28,0.012802404
5.29,0.013002503
5.3,0.013200094
5.31,0.013394173
5.32,0.013583755
5.33,0.013767874
5.34,0.013945593
5.35,0.014116
5.36,0.014278222
5.37,0.014431423
5.38,0.014574811
5.39,0.014707637
5.4,0.014829209
5.41,0.014938883
5.42,0.015036076
5.43,0.01512026
5.44,0.015190976
5.45,0.015247825
5.46,0.015290478
5.47,0.015318672
5.48,0.015332217
5.49,0.015330992
5.5,0.015314949
5.51,0.015284112
5.52,0.015238577
5.53,0.015178512
5.54,0.015104159
5.55,0.015015825
5.56,0.014913891
5.57,0.014798803
5.58,0.014671073
5.59,0.014531276
5.6,0.014380048
5.61,0.014218081
5.62,0.014046123
5.63,0.013864972
5.64,0.013675474
5.65,0.013478518
5.66,0.013275033
5.67,0.013065981
5.68,0.012852356
5.69,0.01263518
5.7,0.012415491
5.71,0.012194349
5.72,0.011972822
5.73,0.011751985
5.74,0.011532917
5.75,0.01131669
5.76,0.01110437
5.77,0.010897009
5.78,0.01069564
5.79,0.010501274
5.8,0.010314894
5.81,0.01013745
5.82,0.009969856
5.83,0.009812984
5.84,0.009667661
5.85,0.009534664
5.86,0.009414718
5.87,0.009308492
5.88,0.009216593
5.89,0.009139567
5.9,0.009077894
5.91,0.009031986
5.92,0.009002184
5.93,0.008988759
5.94,0.008991907
5.95,0.009011749
5.96,0.009048332
5.97,0.009101624
5.98,0.00917152
5.99,0.009257837
6,0.009360316
6.01,0.009478624
6.02,0.009612354
6.03,0.009761028
6.04,0.009924096
6.05,0.010100942
6.06,0.010290883
6.07,0.010493175
6.08,0.010707015
6.09,0.010931542
6.1,0.011165847
6.11,0.01140897
6.12,0.011659907
6.13,0.01191762
6.14,0.012181031
6.15,0.012449035
6.16,0.012720506
6.17,0.012994294
6.18,0.01326924
6.19,0.013544175
6.2,0.013817927
6.21,0.014089331
6.22,0.014357225
6.23,0.014620468
6.24,0.014877933
6.25,0.015128524
6.26,0.015371171
6.27,0.015604844
6.28,0.015828551
6.29,0.016041349
6.3,0.016242343
6.31,0.016430695
6.32,0.016605625
6.33,0.016766418
6.34,0.016912423
6.35,0.017043061
6.36,0.017157827
6.37,0.017256288
6.38,0.017338092
6.39,0.017402965
6.4,0.017450713
6.41,0.017481225
6.42,0.017494473
6.43,0.017490509
6.44,0.017469471
6.45,0.017431576
6.46,0.017377119
6.47,0.017306481
6.48,0.017220115
6.49,0.017118548
6.5,0.017002383
6.51,0.016872289
6.52,0.016729001
6.53,0.016573318
6.54,0.016406093
6.55,0.016228233
6.56,0.016040698
6.57,0.015844486
6.58,0.015640635
6.59,0.015430218
6.6,0.015214334
6.61,0.014994103
6.62,0.014770661
6.63,0.014545156
6.64,0.014318738
6.65,0.014092553
6.66,0.013867744
6.67,0.013645434
6.68,0.013426728
6.69,0.013212708
6.7,0.013004419
6.71,0.012802873
6.72,0.012609037
6.73,0.01242383
6.74,0.01224812
6.75,0.012082718
6.76,0.011928371
6.77,0.011785762
6.78,0.011655505
6.79,0.011538142
6.8,0.01143414
6.81,0.011343886
6.82,0.01126769
6.83,0.011205782
6.84,0.011158307
6.85,0.011125329
6.86,0.011106828
6.87,0.011102702
6.88,0.011112766
6.89,0.011136756
6.9,0.011174328
6.91,0.011225061
6.92,0.011288459
6.93,0.011363955
6.94,0.011450914
6.95,0.011548636
6.96,0.011656359
6.97,0.011773267
6.98,0.011898493
6.99,0.01203112
7,0.012170192
7.01,0.012314718
7.02,0.012463674
7.03,0.012616014
7.04,0.01277067
7.05,0.012926565
7.06,0.013082613
7.07,0.013237727
7.08,0.013390827
7.09,0.013540842
7.1,0.013686722
7.11,0.013827433
7.12,0.013961979
7.13,0.014089392
7.14,0.014208742
7.15,0.014319148
7.16,0.014419777
7.17,0.014509848
7.18,0.014588639
7.19,0.014655492
7.2,0.01470981
7.21,0.014751067
7.22,0.01477881
7.23,0.014792656
7.24,0.014792301
7.25,0.014777517
7.26,0.014748156
7.27,0.014704145
7.28,0.014645496
7.29,0.014572297
7.3,0.014484715
7.31,0.014382996
7.32,0.014267463
7.33,0.014138511
7.34,0.013996609
7.35,0.013842296
7.36,0.013676176
7.37,0.01349892
7.38,0.013311254
7.39,0.013113963
7.4,0.012907882
7.41,0.012693892
7.42,0.012472918
7.43,0.01224592
7.44,0.012013891
7.45,0.011777849
7.46,0.011538833
7.47,0.0112979
7.48,0.011056114
7.49,0.010814541
7.5,0.010574247
7.51,0.010336294
7.52,0.010101725
7.53,0.009871567
7.54,0.009646823
7.55,0.009428468
7.56,0.009217439
7.57,0.009014637
7.58,0.008820918
7.59,0.008637089
7.6,0.008463905
7.61,0.008302067
7.62,0.008152212
7.63,0.008014916
7.64,0.00789069
7.65,0.007779976
7.66,0.007683143
7.67,0.007600491
7.68,0.007532246
7.69,0.007478555
7.7,0.007439493
7.71,0.007415061
7.72,0.00740518
7.73,0.007409698
7.74,0.007428389
7.75,0.007460955
7.76,0.007507025
7.77,0.007566162
7.78,0.007637858
7.79,0.007721546
7.8,0.007816595
7.81,0.00792232
7.82,0.008037983
7.83,0.008162792
7.84,0.008295917
7.85,0.008436483
7.86,0.008583584
7.87,0.008736283
7.88,0.008893616
7.89,0.009054604
7.9,0.009218253
7.91,0.009383559
7.92,0.00954952
7.93,0.009715138
7.94,0.009879422
7.95,0.010041399
7.96,0.010200117
7.97,0.010354651
7.98,0.01050411
7.99,0.010647641
8,0.01078443
8.01,0.010913719
8.02,0.011034796
8.03,0.01114701
8.04,0.011249769
8.05,0.01134255
8.06,0.011424894
8.07,0.011496413
8.08,0.011556794
8.09,0.011605802
8.1,0.011643274
8.11,0.011669126
8.12,0.011683355
8.13,0.011686034
8.14,0.011677316
8.15,0.011657426
8.16,0.01162667
8.17,0.011585423
8.18,0.011534132
8.19,0.011473311
8.2,0.011403542
8.21,0.01132546
8.22,0.011239761
8.23,0.011147192
8.24,0.011048545
8.25,0.010944651
8.26,0.010836379
8.27,0.010724627
8.28,0.010610314
8.29,0.010494379
8.3,0.010377767
8.31,0.010261434
8.32,0.010146327
8.33,0.010033389
8.34,0.009923545
8.35,0.009817701
8.36,0.009716734
8.37,0.009621491
8.38,0.009532776
8.39,0.009451354
8.4,0.009377938
8.41,0.009313189
8.42,0.009257708
8.43,0.00921204
8.44,0.00917666
8.45,0.009151976
8.46,0.009138329
8.47,0.009135989
8.48,0.009145145
8.49,0.009165922
8.5,0.009198363
8.51,0.009242441
8.52,0.009298052
8.53,0.009365022
8.54,0.009443106
8.55,0.009531989
8.56,0.009631289
8.57,0.009740562
8.58,0.009859303
8.59,0.009986953
8.6,0.010122894
8.61,0.010266466
8.62,0.010416963
8.63,0.010573642
8.64,0.010735721
8.65,0.010902394
8.66,0.011072829
8.67,0.011246178
8.68,0.011421577
8.69,0.011598157
8.7,0.011775046
8.71,0.011951375
8.72,0.012126284
8.73,0.012298927
8.74,0.012468475
8.75,0.012634125
8.76,0.012795101
8.77,0.01295066
8.78,0.013100095
8.79,0.013242742
8.8,0.013377983
8.81,0.013505244
8.82,0.013624006
8.83,0.013733804
8.84,0.013834231
8.85,0.01392494
8.86,0.014005642
8.87,0.014076118
8.88,0.014136208
8.89,0.014185823
8.9,0.014224938
8.91,0.014253594
8.92,0.014271904
8.93,0.014280046
8.94,0.014278261
8.95,0.014266862
8.96,0.014246222
8.97,0.014216778
8.98,0.014179028
8.99,0.014133529
9,0.014080893
9.01,0.014021785
9.02,0.013956918
9.03,0.013887054
9.04,0.013812993
9.05,0.013735572
9.06,0.013655664
9.07,0.013574164
9.08,0.013491996
9.09,0.013410095
9.1,0.013329404
9.11,0.01325088
9.12,0.013175471
9.13,0.013104118
9.14,0.013037752
9.15,0.012977277
9.16,0.012923576
9.17,0.012877494
9.18,0.012839838
9.19,0.012811367
9.2,0.01279279
9.21,0.012784756
9.22,0.012787852
9.23,0.012802592
9.24,0.012829421
9.25,0.012868701
9.26,0.012920713
9.27,0.012985654
9.28,0.013063628
9.29,0.013154647
9.3,0.013258633
9.31,0.013375405
9.32,0.013504693
9.33,0.013646125
9.34,0.013799236
9.35,0.013963461
9.36,0.014138146
9.37,0.014322541
9.38,0.01451581
9.39,0.014717028
9.4,0.014925193
9.41,0.015139221
9.42,0.015357962
9.43,0.015580195
9.44,0.01580464
9.45,0.016029968
9.46,0.016254802
9.47,0.016477726
9.48,0.016697299
9.49,0.016912055
9.5,0.017120517
9.51,0.017321206
9.52,0.017512653
9.53,0.017693401
9.54,0.017862025
9.55,0.018017132
9.56,0.018157379
9.57,0.01828148
9.58,0.018388214
9.59,0.018476439
9.6,0.018545096
9.61,0.01859323
9.62,0.018619977
9.63,0.018624598
9.64,0.018606469
9.65,0.018565093
9.66,0.018500111
9.67,0.0184113
9.68,0.018298585
9.69,0.018162038
9.7,0.018001885
9.71,0.017818503
9.72,0.017612428
9.73,0.017384347
9.74,0.017135103
9.75,0.016865687
9.76,0.016577245
9.77,0.016271057
9.78,0.015948549
9.79,0.015611268
9.8,0.015260891
9.81,0.014899206
9.82,0.014528101
9.83,0.014149557
9.84,0.013765636
9.85,0.013378467
9.86,0.012990232
9.87,0.01260315
9.88,0.012219468
9.89,0.011841438
9.9,0.011471311
9.91,0.011111313
9.92,0.010763632
9.93,0.010430406
9.94,0.010113703
9.95,0.009815509
9.96,0.009537709
9.97,0.009282079
9.98,0.00905027
9.99,0.008843793
10,0.008664011
10.01,0.008512128
10.02,0.008389176
10.03,0.008296013
10.04,0.008233308
10.05,0.008201542
10.06,0.008201001
10.07,0.008231772
10.08,0.008293743
10.09,0.008386602
10.1,0.008509836
10.11,0.008662741
10.12,0.008844417
10.13,0.009053776
10.14,0.009289553
10.15,0.009550309
10.16,0.009834442
10.17,0.010140194
10.18,0.010465671
10.19,0.01080884
10.2,0.011167555
10.21,0.011539569
10.22,0.011922541
10.23,0.012314054
10.24,0.012711639
10.25,0.013112774
10.26,0.013514918
10.27,0.013915512
10.28,0.014312003
10.29,0.01470186
10.3,0.015082587
10.31,0.015451742
10.32,0.015806949
10.33,0.016145917
10.34,0.016466448
10.35,0.016766457
10.36,0.017043989
10.37,0.017297217
10.38,0.017524468
10.39,0.017724228
10.4,0.017895148
10.41,0.018036062
10.42,0.018145987
10.43,0.018224132
10.44,0.018269905
10.45,0.018282912
10.46,0.018262968
10.47,0.018210091
10.48,0.018124507
10.49,0.018006643
10.5,0.017857137
10.51,0.017676819
10.52,0.017466717
10.53,0.017228046
10.54,0.016962203
10.55,0.016670755
10.56,0.016355434
10.57,0.01601812
10.58,0.015660841
10.59,0.015285741
10.6,0.014895085
10.61,0.014491236
10.62,0.014076637
10.63,0.013653805
10.64,0.013225308
10.65,0.012793747
10.66,0.012361747
10.67,0.01193193
10.68,0.011506908
10.69,0.011089263
10.7,0.010681526
10.71,0.010286162
10.72,0.009905567
10.73,0.009542029
10.74,0.009197736
10.75,0.008874747
10.76,0.008574986
10.77,0.008300226
10.78,0.00805208
10.79,0.007831989
10.8,0.007641211
10.81,0.007480817
10.82,0.007351683
10.83,0.007254474
10.84,0.007189656
10.85,0.007157481
10.86,0.007157986
10.87,0.007190996
10.88,0.007256124
10.89,0.007352769
10.9,0.007480122
10.91,0.007637176
10.92,0.007822721
10.93,0.008035361
10.94,0.008273521
10.95,0.008535449
10.96,0.008819244
10.97,0.009122852
10.98,0.00944409
10.99,0.009780654
11,0.010130144
11.01,0.010490068
11.02,0.010857873
11.03,0.01123095
11.04,0.011606663
11.05,0.011982364
11.06,0.012355407
11.07,0.012723175
11.08,0.013083095
11.09,0.013432657
11.1,0.013769431
11.11,0.014091086
11.12,0.014395406
11.13,0.014680307
11.14,0.014943849
11.15,0.015184253
11.16,0.015399908
11.17,0.015589389
11.18,0.015751457
11.19,0.015885073
11.2,0.015989408
11.21,0.01606383
11.22,0.016107925
11.23,0.016121487
11.24,0.016104527
11.25,0.016057256
11.26,0.015980094
11.27,0.01587366
11.28,0.015738762
11.29,0.0155764
11.3,0.015387743
11.31,0.01517413
11.32,0.014937058
11.33,0.014678163
11.34,0.014399221
11.35,0.014102122
11.36,0.013788872
11.37,0.013461566
11.38,0.013122389
11.39,0.012773587
11.4,0.012417473
11.41,0.012056396
11.42,0.011692743
11.43,0.011328918
11.44,0.010967331
11.45,0.010610387
11.46,0.010260477
11.47,0.009919961
11.48,0.009591158
11.49,0.009276338
11.5,0.008977709
11.51,0.008697405
11.52,0.008437478
11.53,0.008199886
11.54,0.007986483
11.55,0.00779901
11.56,0.007639083
11.57,0.007508188
11.58,0.007407664
11.59,0.007338701
11.6,0.007302327
11.61,0.007299397
11.62,0.007330593
11.63,0.00739641
11.64,0.007497145
11.65,0.007632901
11.66,0.00780357
11.67,0.008008836
11.68,0.008248163
11.69,0.008520804
11.7,0.008825784
11.71,0.009161913
11.72,0.009527778
11.73,0.009921751
11.74,0.010341988
11.75,0.01078644
11.76,0.011252857
11.77,0.011738801
11.78,0.012241651
11.79,0.012758624
11.8,0.013286779
11.81,0.013823045
11.82,0.014364229
11.83,0.014907035
11.84,0.015448091
11.85,0.015983963
11.86,0.016511177
11.87,0.017026247
11.88,0.017525687
11.89,0.018006044
11.9,0.018463911
11.91,0.018895955
11.92,0.019298941
11.93,0.019669747
11.94,0.020005386
11.95,0.020303033
11.96,0.02056003
11.97,0.020773928
11.98,0.020942473
11.99,0.021063647
12,0.021135679
12.01,0.021157052
12.02,0.021126526
12.03,0.021043139
12.04,0.020906234
12.05,0.020715455
12.06,0.020470767
12.07,0.020172458
12.08,0.019821154
12.09,0.019417809
12.1,0.018963729
12.11,0.01846056
12.12,0.017910297
12.13,0.01731528
12.14,0.01667819
12.15,0.016002051
12.16,0.015290214
12.17,0.014546359
12.18,0.013774473
12.19,0.012978844
12.2,0.012164046
12.21,0.011334913
12.22,0.010496526
12.23,0.009654185
12.24,0.008813388
12.25,0.007979799
12.26,0.007159218
12.27,0.006357547
12.28,0.005580763
12.29,0.004834867
12.3,0.00412586
12.31,0.003459689
12.32,0.002842219
12.33,0.002279175
12.34,0.001776113
12.35,0.001338368
12.36,0.00097101
12.37,0.000678807
12.38,0.000466179
12.39,0.000337156
12.4,0.000295345
12.41,0.000343889
12.42,0.000485437
12.43,0.000722116
12.44,0.001055501
12.45,0.001486597
12.46,0.002015821
12.47,0.002642989
12.48,0.003367308
12.49,0.004187378
12.5,0.005101188
12.51,0.006106127
12.52,0.007198995
12.53,0.008376026
12.54,0.009632897
12.55,0.010964766
12.56,0.012366302
12.57,0.013831707
12.58,0.015354766
12.59,0.016928878
12.6,0.018547108
12.61,0.020202218
12.62,0.02188673
12.63,0.023592956
12.64,0.025313058
12.65,0.0270391
12.66,0.028763079
12.67,0.030476991
12.68,0.032172876
12.69,0.033842855
12.7,0.035479188
12.71,0.037074307
12.72,0.038620873
12.73,0.040111789
12.74,0.041540272
12.75,0.042899862
12.76,0.044184463
12.77,0.045388378
12.78,0.046506324
12.79,0.047533466
12.8,0.048465426
12.81,0.049298315
12.82,0.050028734
12.83,0.050653785
12.84,0.051171093
12.85,0.051578784
12.86,0.051875517
12.87,0.052060457
12.88,0.052133277
12.89,0.052094167
12.9,0.051943795
12.91,0.051683333
12.92,0.0513144
12.93,0.050839082
12.94,0.050259907
12.95,0.049579815
12.96,0.048802158
12.97,0.047930657
12.98,0.046969411
12.99,0.045922856
13,0.044795746
13.01,0.043593141
13.02,0.042320382
13.03,0.040983064
13.04,0.03958702
13.05,0.038138301
13.06,0.036643149
13.07,0.035107972
13.08,0.033539328
13.09,0.031943894
13.1,0.030328445
13.11,0.028699833
13.12,0.027064942
13.13,0.025430684
13.14,0.023803955
13.15,0.02219161
13.16,0.02060043
13.17,0.019037093
13.18,0.017508139
13.19,0.016019937
13.2,0.014578654
13.21,0.013190215
13.22,0.011860274
13.23,0.010594176
13.24,0.009396927
13.25,0.008273157
13.26,0.00722709
13.27,0.006262516
13.28,0.005382759
13.29,0.004590654
13.3,0.003888521
13.31,0.00327815
13.32,0.002760775
13.33,0.002337076
13.34,0.002007156
13.35,0.001770546
13.36,0.001626204
13.37,0.001572521
13.38,0.001607331
13.39,0.001727934
13.4,0.001931107
13.41,0.00221314
13.42,0.002569866
13.43,0.002996693
13.44,0.003488647
13.45,0.004040413
13.46,0.004646386
13.47,0.005300711
13.48,0.00599734
13.49,0.00673008
13.5,0.007492637
13.51,0.008278678
13.52,0.009081862
13.53,0.009895903
13.54,0.010714601
13.55,0.011531887
13.56,0.012341856
13.57,0.013138807
13.58,0.013917262
13.59,0.014671997
13.6,0.015398059
13.61,0.016090783
13.62,0.016745798
13.63,0.017359049
13.64,0.017926782
13.65,0.01844557
13.66,0.018912284
13.67,0.019324118
13.68,0.019678574
13.69,0.019973457
13.7,0.020206875
13.71,0.02037725
13.72,0.020483301
13.73,0.020524064
13.74,0.020498884
13.75,0.020407443
13.76,0.020249758
13.77,0.020026207
13.78,0.019737538
13.79,0.019384906
13.8,0.018969879
13.81,0.018494475
13.82,0.017961185
13.83,0.017372982
13.84,0.016733359
13.85,0.01604634
13.86,0.015316492
13.87,0.014548935
13.88,0.013749345
13.89,0.012923956
13.9,0.012079531
13.91,0.011223364
13.92,0.010363242
13.93,0.009507405
13.94,0.00866451
13.95,0.007843572
13.96,0.007053903
13.97,0.006305044
13.98,0.005606686
13.99,0.004968585
14,0.004400477
14.01,0.003911979
14.02,0.00351249
14.03,0.003211094
14.04,0.003016461
14.05,0.002936745
14.06,0.00297949
14.07,0.003151536
14.08,0.003458942
14.09,0.003906906
14.1,0.004499702
14.11,0.005240627
14.12,0.006131961
14.13,0.007174945
14.14,0.008369758
14.15,0.009715532
14.16,0.011210354
14.17,0.012851308
14.18,0.014634498
14.19,0.016555112
14.2,0.018607469
14.21,0.02078509
14.22,0.02308076
14.23,0.025486607
14.24,0.027994169
14.25,0.030594468
14.26,0.033278078
14.27,0.036035201
14.28,0.038855719
14.29,0.041729257
14.3,0.044645243
14.31,0.047592964
14.32,0.05056159
14.33,0.053540248
14.34,0.056518035
14.35,0.05948408
14.36,0.062427568
14.37,0.065337771
14.38,0.06820409
14.39,0.07101609
14.4,0.073763533
14.41,0.07643641
14.42,0.079024983
14.43,0.081519805
14.44,0.083911779
14.45,0.086192167
14.46,0.088352652
14.47,0.090385337
14.48,0.092282802
14.49,0.094038138
14.5,0.09564495
14.51,0.097097388
14.52,0.098390191
14.53,0.099518696
14.54,0.100478837
14.55,0.101267198
14.56,0.101880982
14.57,0.102318089
14.58,0.102577054
14.59,0.102657112
14.6,0.102558174
14.61,0.10228084
14.62,0.101826409
14.63,0.101196864
14.64,0.100394869
14.65,0.099423764
14.66,0.098287543
14.67,0.096990836
14.68,0.095538894
14.69,0.093937552
14.7,0.09219319
14.71,0.090312717
14.72,0.088303531
14.73,0.086173467
14.74,0.08393078
14.75,0.081584106
14.76,0.079142433
14.77,0.076615082
14.78,0.074011663
14.79,0.071342086
14.8,0.068616548
14.81,0.065845506
14.82,0.063039683
14.83,0.060210068
14.84,0.057367889
14.85,0.054524621
14.86,0.051691946
14.87,0.048881733
14.88,0.046105994
14.89,0.04337681
14.9,0.040706278
14.91,0.038106415
14.92,0.035589051
14.93,0.033165721
14.94,0.030847539
14.95,0.028645066
14.96,0.026568181
14.97,0.024625943
14.98,0.022826476
14.99,0.021176846
15,0.01968297
15.01,0.018349539
15.02,0.017179955
15.03,0.016176304
15.04,0.015339352
15.05,0.014668561
15.06,0.014162138
15.07,0.013817096
15.08,0.013629354
15.09,0.013593823
15.1,0.013704537
15.11,0.013954758
15.12,0.014337107
15.13,0.014843679
15.14,0.015466149
15.15,0.016195879
15.16,0.017023999
15.17,0.017941474
15.18,0.018939167
15.19,0.020007873
15.2,0.021138345
15.21,0.022321304
15.22,0.023547448
15.23,0.024807438
15.24,0.026091898
15.25,0.027391396
15.26,0.028696444
15.27,0.029997485
15.28,0.031284911
15.29,0.032549072
15.3,0.03378029
15.31,0.034968937
15.32,0.03610544
15.33,0.037180389
15.34,0.038184602
15.35,0.039109209
15.36,0.039945763
15.37,0.040686331
15.38,0.041323607
15.39,0.041851005
15.4,0.042262754
15.41,0.042553986
15.42,0.042720793
15.43,0.042760299
15.44,0.042670683
15.45,0.042451204
15.46,0.042102204
15.47,0.041625097
15.48,0.041022338
15.49,0.040297389
15.5,0.039454664
15.51,0.03849948
15.52,0.037437989
15.53,0.036277116
15.54,0.035024495
15.55,0.033688388
15.56,0.032277628
15.57,0.030801536
15.58,0.029269849
15.59,0.027692651
15.6,0.026080276
15.61,0.024443248
15.62,0.022792187
15.63,0.021137734
15.64,0.019490472
15.65,0.017860843
15.66,0.016259083
15.67,0.014695159
15.68,0.013178698
15.69,0.011718948
15.7,0.010324731
15.71,0.009004401
15.72,0.007765819
15.73,0.006616315
15.74,0.005562677
15.75,0.004611113
15.76,0.003767225
15.77,0.003035982
15.78,0.002421683
15.79,0.001927918
15.8,0.001557521
15.81,0.001312533
15.82,0.001194154
15.83,0.001202697
15.84,0.001337558
15.85,0.001597185
15.86,0.001979059
15.87,0.002479697
15.88,0.003094659
15.89,0.003818575
15.9,0.004645198
15.91,0.005567459
15.92,0.006577545
15.93,0.007666996
15.94,0.008826806
15.95,0.010047535
15.96,0.011319441
15.97,0.012632593
15.98,0.013977016
15.99,0.015342806
16,0.016720264
16.01,0.018100007
16.02,0.019473075
16.03,0.02083104
16.04,0.022166062
16.05,0.023470977
16.06,0.024739324
16.07,0.025965389
16.08,0.027144194
16.09,0.028271508
16.1,0.029343784
16.11,0.030358144
16.12,0.031312307
16.13,0.032204526
16.14,0.033033504
16.15,0.033798336
16.16,0.034498424
16.17,0.03513342
16.18,0.035703178
16.19,0.036207701
16.2,0.036647128
16.21,0.037021711
16.22,0.037331833
16.23,0.037578009
16.24,0.03776089
16.25,0.037881325
16.26,0.037940352
16.27,0.037939236
16.28,0.037879468
16.29,0.037762809
16.3,0.037591252
16.31,0.037367043
16.32,0.037092651
16.33,0.036770763
16.34,0.03640425
16.35,0.035996135
16.36,0.035549568
16.37,0.035067794
16.38,0.034554109
16.39,0.034011838
16.4,0.033444289
16.41,0.032854734
16.42,0.032246379
16.43,0.031622324
16.44,0.030985576
16.45,0.030339017
16.46,0.029685415
16.47,0.029027427
16.48,0.028367615
16.49,0.027708487
16.5,0.027052506
16.51,0.026402137
16.52,0.025759875
16.53,0.025128273
16.54,0.024509953
16.55,0.023907613
16.56,0.023324006
16.57,0.022761914
16.58,0.022224096
16.59,0.02171322
16.6,0.021231776
16.61,0.02078201
16.62,0.020365808
16.63,0.01998462
16.64,0.019639379
16.65,0.01933044
16.66,0.019057524
16.67,0.018819699
16.68,0.018615372
16.69,0.01844232
16.7,0.018297728
16.71,0.018178266
16.72,0.018080165
16.73,0.017999322
16.74,0.017931431
16.75,0.017872074
16.76,0.017816868
16.77,0.017761578
16.78,0.017702217
16.79,0.017635182
16.8,0.017557313
16.81,0.017465982
16.82,0.017359157
16.83,0.017235433
16.84,0.017094057
16.85,0.01693493
16.86,0.016758597
16.87,0.016566204
16.88,0.016359474
16.89,0.016140626
16.9,0.015912334
16.91,0.015677647
16.92,0.015439932
16.93,0.015202785
16.94,0.014969992
16.95,0.014745458
16.96,0.014533171
16.97,0.014337152
16.98,0.014161432
16.99,0.014010036
17,0.013886956
17.01,0.013796168
17.02,0.013741615
17.03,0.013727226
17.04,0.013756926
17.05,0.013834641
17.06,0.013964327
17.07,0.014149975
17.08,0.014395623
17.09,0.014705362
17.1,0.015083341
17.11,0.015533761
17.12,0.016060846
17.13,0.016668834
17.14,0.017361923
17.15,0.018144229
17.16,0.019019731
17.17,0.019992202
17.18,0.021065142
17.19,0.022241713
17.2,0.023524666
17.21,0.024916294
17.22,0.026418384
17.23,0.028032179
17.24,0.029758366
17.25,0.03159708
17.26,0.033547883
17.27,0.035609822
17.28,0.037781412
17.29,0.040060683
17.3,0.04244516
17.31,0.044931895
17.32,0.047517418
17.33,0.050197748
17.34,0.052968313
17.35,0.05582393
17.36,0.058758736
17.37,0.061766157
17.38,0.064838853
17.39,0.067968733
17.4,0.071146955
17.41,0.074363981
17.42,0.077609649
17.43,0.080873289
17.44,0.084143848
17.45,0.087410046
17.46,0.090660494
17.47,0.093883863
17.48,0.097068985
17.49,0.100204929
17.5,0.103281087
17.51,0.106287168
17.52,0.109213241
17.53,0.112049674
17.54,0.114787139
17.55,0.117416596
17.56,0.11992927
17.57,0.122316688
17.58,0.124570681
17.59,0.126683478
17.6,0.128647748
17.61,0.130456697
17.62,0.132104156
17.63,0.13358467
17.64,0.134893548
17.65,0.136026975
17.66,0.136982046
17.67,0.137756804
17.68,0.138350295
17.69,0.1387626
17.7,0.138994798
17.71,0.139049017
17.72,0.138928355
17.73,0.138636857
17.74,0.138179381
17.75,0.137561547
17.76,0.136789536
17.77,0.135869963
17.78,0.134809679
17.79,0.133615622
17.8,0.132294617
17.81,0.130853212
17.82,0.129297572
17.83,0.127633351
17.84,0.125865592
17.85,0.123998751
17.86,0.122036637
17.87,0.119982497
17.88,0.117839106
17.89,0.115608871
17.9,0.113294016
17.91,0.110896785
17.92,0.108419616
17.93,0.105865378
17.94,0.103237574
17.95,0.100540508
17.96,0.097779429
17.97,0.094960593
17.98,0.092091321
17.99,0.089179939
18,0.086235689
18.01,0.083268533
18.02,0.080289018
18.03,0.077307993
18.04,0.074336396
18.05,0.071385002
18.06,0.068464226
18.07,0.065583919
18.08,0.06275324
18.09,0.059980514
18.1,0.057273197
18.11,0.054637788
18.12,0.052079842
18.13,0.049603946
18.14,0.04721374
18.15,0.044911933
18.16,0.04270033
18.17,0.040579862
18.18,0.038550657
18.19,0.036612064
18.2,0.034762763
18.21,0.033000827
18.22,0.031323816
18.23,0.029728892
18.24,0.028212907
18.25,0.0267725
18.26,0.025404187
18.27,0.024104432
18.28,0.022869714
18.29,0.021696553
18.3,0.020581554
18.31,0.019521414
18.32,0.018512928
18.33,0.017552992
18.34,0.016638599
18.35,0.015766846
18.36,0.014934924
18.37,0.014140129
18.38,0.01337988
18.39,0.012651715
18.4,0.011953325
18.41,0.011282554
18.42,0.010637438
18.43,0.01001623
18.44,0.009417427
18.45,0.008839827
18.46,0.008282586
18.47,0.007745301
18.48,0.007228104
18.49,0.006731768
18.5,0.006257838
18.51,0.005808756
18.52,0.005387978
18.53,0.005000074
18.54,0.004650789
18.55,0.004347056
18.56,0.004096936
18.57,0.003909498
18.58,0.003794599
18.59,0.003762602
18.6,0.003824022
18.61,0.00398912
18.62,0.004267464
18.63,0.004667511
18.64,0.005196194
18.65,0.005858599
18.66,0.006657709
18.67,0.007594264
18.68,0.008666754
18.69,0.009871518
18.7,0.011202997
18.71,0.01265408
18.72,0.014216568
18.73,0.015881696
18.74,0.017640736
18.75,0.019485559
18.76,0.021409243
18.77,0.02340654
18.78,0.025474296
18.79,0.027611692
18.8,0.02982031
18.81,0.032104008
18.82,0.034468561
18.83,0.036921133
18.84,0.039469512
18.85,0.042121238
18.86,0.044882613
18.87,0.047757683
18.88,0.050747293
18.89,0.053848222
18.9,0.057052563
18.91,0.060347332
18.92,0.063714425
18.93,0.067130883
18.94,0.070569513
18.95,0.073999833
18.96,0.077389248
18.97,0.080704451
18.98,0.083912884
18.99,0.086984253
19,0.089891893
19.01,0.092614008
19.02,0.095134622
19.03,0.09744426
19.04,0.099540264
19.05,0.101426765
19.06,0.103114367
19.07,0.104619453
19.08,0.1059633
19.09,0.107170878
19.1,0.108269534
19.11,0.109287563
19.12,0.110252636
19.13,0.111190355
19.14,0.112122808
19.15,0.113067314
19.16,0.114035378
19.17,0.11503194
19.18,0.116054913
19.19,0.117095104
19.2,0.118136412
19.21,0.1191564
19.22,0.12012707
19.23,0.121015952
19.24,0.121787219
19.25,0.122403017
19.26,0.122824706
19.27,0.12301414
19.28,0.122934805
19.29,0.122552965
19.3,0.121838598
19.31,0.1207663
19.32,0.11931598
19.33,0.117473517
19.34,0.115231133
19.35,0.112587625
19.36,0.109548344
19.37,0.10612498
19.38,0.102335118
19.39,0.098201666
19.4,0.093752208
19.41,0.089018373
19.42,0.084035251
19.43,0.078840934
19.44,0.073476273
19.45,0.067984652
19.46,0.062411915
19.47,0.056806214
19.48,0.051217798
19.49,0.045698567
19.5,0.040301359
19.51,0.035078991
19.52,0.030083041
19.53,0.025362489
19.54,0.020962329
19.55,0.016922299
19.56,0.013275908
19.57,0.010049822
19.58,0.007263762
19.59,0.004930844
19.6,0.003058383
19.61,0.001649014
19.62,0.000701991
19.63,0.000214489
19.64,0.000182759
19.65,0.000602976
19.66,0.001471703
19.67,0.00278591
19.68,0.004542572
19.69,0.0067379
19.7,0.009366287
19.71,0.01241913
19.72,0.015883617
19.73,0.019741649
19.74,0.023968998
19.75,0.028534818
19.76,0.033401519
19.77,0.038525121
19.78,0.043855981
19.79,0.049339896
19.8,0.0549195
19.81,0.060535826
19.82,0.066129955
19.83,0.071644651
19.84,0.077025824
19.85,0.082223881
19.86,0.087194711
19.87,0.091900449
19.88,0.096309861
19.89,0.100398394
19.9,0.104147962
19.91,0.10754646
19.92,0.110587127
19.93,0.113267863
19.94,0.115590603
19.95,0.117560825
19.96,0.119187277
19.97,0.120481918
19.98,0.121460063
19.99,0.122140632
20,0.122546285
20.01,0.122703452
20.02,0.12264192
20.03,0.122393952
20.04,0.121992863
20.05,0.121471075
20.06,0.120857808
20.07,0.120176598
20.08,0.119442936
20.09,0.118662329
20.1,0.117828955
20.11,0.116925218
20.12,0.115922166
20.13,0.114780954
20.14,0.113455063
20.15,0.111893378
20.16,0.11004381
20.17,0.107857298
20.18,0.105291921
20.19,0.102316917
20.2,0.098916183
20.21,0.095091063
20.22,0.09086211
20.23,0.086269609
20.24,0.081372686
20.25,0.076247147
20.26,0.07098205
20.27,0.065675411
20.28,0.060429329
20.29,0.05534501
20.3,0.050518114
20.31,0.046034735
20.32,0.041968292
20.33,0.038377498
20.34,0.035305342
20.35,0.032779088
20.36,0.030811128
20.37,0.0294005
20.38,0.02853498
20.39,0.028193442
20.4,0.028348367
20.41,0.02896824
20.42,0.030019532
20.43,0.031468193
20.44,0.033280381
20.45,0.035422585
20.46,0.037861187
20.47,0.040561733
20.48,0.043488262
20.49,0.046602865
20.5,0.049865751
20.51,0.053235727
20.52,0.056671149
20.53,0.060131033
20.54,0.063576223
20.55,0.066970407
20.56,0.070280883
20.57,0.073479051
20.58,0.076540645
20.59,0.079445839
20.6,0.082179256
20.61,0.084729948
20.62,0.087091384
20.63,0.089261398
20.64,0.091242041
20.65,0.093039274
20.66,0.094662564
20.67,0.096124254
20.68,0.097438883
20.69,0.098622522
20.7,0.099692166
20.71,0.100665235
20.72,0.101559242
20.73,0.102391381
20.74,0.103178092
20.75,0.103934339
20.76,0.104672577
20.77,0.105401534
20.78,0.106124821
20.79,0.106839739
20.8,0.107536627
20.81,0.108198815
20.82,0.108803735
20.83,0.10932491
20.84,0.109734883
20.85,0.110008797
20.86,0.110128142
20.87,0.110084021
20.88,0.109879452
20.89,0.109530145
20.9,0.109063428
20.91,0.108515289
20.92,0.107925939
20.93,0.107334423
20.94,0.106773174
20.95,0.106263301
20.96,0.105811362
20.97,0.105408084
20.98,0.105029113
20.99,0.104637517
21,0.104187666
21.01,0.103629675
21.02,0.102913868
21.03,0.101994593
21.04,0.100833114
21.05,0.09939935
21.06,0.09767255
21.07,0.095640982
21.08,0.093301024
21.09,0.090655765
21.1,0.087713492
21.11,0.084486214
21.12,0.080988519
21.13,0.077236759
21.14,0.073248902
21.15,0.069044831
21.16,0.064647175
21.17,0.060082519
21.18,0.05538272
21.19,0.050586092
21.2,0.045738261
21.21,0.040892436
21.22,0.036108946
21.23,0.031453954
21.24,0.026997413
21.25,0.02281033
21.26,0.01896159
21.27,0.015514641
21.28,0.012524362
21.29,0.010034488
21.3,0.008075784
21.31,0.00666525
21.32,0.005806369
21.33,0.005490382
21.34,0.005698447
21.35,0.006404531
21.36,0.007578699
21.37,0.009190572
21.38,0.011212621
21.39,0.013623033
21.4,0.016407885
21.41,0.019562588
21.42,0.02309249
21.43,0.027012785
21.44,0.031347844
21.45,0.036129917
21.46,0.041397378
21.47,0.047192229
21.48,0.053556857
21.49,0.060529981
21.5,0.068141761
21.51,0.076408528
21.52,0.085327536
21.53,0.094872438
21.54,0.104990203
21.55,0.115600052
21.56,0.12659484
21.57,0.137844861
21.58,0.149203849
21.59,0.160516391
21.6,0.171626117
21.61,0.182383698
21.62,0.19265389
21.63,0.202321295
21.64,0.211294359
21.65,0.219507834
21.66,0.226923531
21.67,0.233529847
21.68,0.239340078
21.69,0.244389764
21.7,0.248733022
21.71,0.252437965
21.72,0.255581044
21.73,0.258240468
21.74,0.260488818
21.75,0.262385566
21.76,0.263969846
21.77,0.265254555
21.78,0.266222341
21.79,0.266824248
21.8,0.266981427
21.81,0.266589939
21.82,0.265528596
21.83,0.263669192
21.84,0.260888162
21.85,0.25707834
21.86,0.252159554
21.87,0.246086761
21.88,0.238854592
21.89,0.230498475
21.9,0.221092354
21.91,0.210743858
21.92,0.199588305
21.93,0.187782079
21.94,0.175496278
21.95,0.162910931
21.96,0.15020963
21.97,0.137574412
21.98,0.12518071
21.99,0.113192193
22,0.101755639
22.01,0.090996038
22.02,0.0810126
22.03,0.07187581
22.04,0.063626132
22.05,0.056274373
22.06,0.049803514
22.07,0.044171776
22.08,0.039316413
22.09,0.035157948
22.1,0.031604516
22.11,0.028556338
22.12,0.025910278
22.13,0.02356462
22.14,0.021424113
22.15,0.019405087
22.16,0.017440406
22.17,0.015483658
22.18,0.013512011
22.19,0.011527036
22.2,0.009553103
22.21,0.007633333
22.22,0.00582349
22.23,0.004184617
22.24,0.002775396
22.25,0.001645163
22.26,0.000828385
22.27,0.0003411
22.28,0.000179606
22.29,0.000321392
22.3,0.000728096
22.31,0.00135005
22.32,0.002131804
22.33,0.003017953
22.34,0.003958566
22.35,0.004913622
22.36,0.005856013
22.37,0.006772846
22.38,0.007665065
22.39,0.008545538
22.4,0.009436032
22.41,0.010363538
22.42,0.011356473
22.43,0.012441249
22.44,0.013639549
22.45,0.014966457
22.46,0.016429375
22.47,0.018027591
22.48,0.019752143
22.49,0.021585836
22.5,0.023503313
22.51,0.025471241
22.52,0.027448758
22.53,0.029388495
22.54,0.031238216
22.55,0.032943165
22.56,0.034448996
22.57,0.035704907
22.58,0.036666716
22.59,0.037299421
22.6,0.037579127
22.61,0.03749431
22.62,0.037046725
22.63,0.036252255
22.64,0.035141752
22.65,0.033761726
22.66,0.032174202
22.67,0.030454934
22.68,0.028689506
22.69,0.026967211
22.7,0.025373468
22.71,0.023982056
22.72,0.022848733
22.73,0.022007336
22.74,0.021468837
22.75,0.021222966
22.76,0.021241519
22.77,0.021482535
22.78,0.021894827
22.79,0.022422974
22.8,0.023012859
22.81,0.023617622
22.82,0.024203376
22.83,0.024753454
22.84,0.025270225
22.85,0.025773916
22.86,0.026298699
22.87,0.026887199
22.88,0.027584508
22.89,0.028432711
22.9,0.029466289
22.91,0.030708345
22.92,0.032167582
22.93,0.033836241
22.94,0.035689771
22.95,0.037689133
22.96,0.039786434
22.97,0.04193369
22.98,0.044093127
22.99,0.046246504
23,0.048400398
23.01,0.050585332
23.02,0.052848103
23.03,0.055238943
23.04,0.057796734
23.05,0.060536449
23.06,0.063442379
23.07,0.06646939
23.08,0.069552333
23.09,0.072621594
23.1,0.075621397
23.11,0.078526928
23.12,0.081356612
23.13,0.084177414
23.14,0.087102243
23.15,0.090279889
23.16,0.093879121
23.17,0.098069038
23.18,0.102998594
23.19,0.108778429
23.2,0.115468496
23.21,0.123073803
23.22,0.131549136
23.23,0.14081103
23.24,0.150753
23.25,0.161259187
23.26,0.1722123
23.27,0.18349423
23.28,0.194980819
23.29,0.206534007
23.3,0.217995493
23.31,0.229184746
23.32,0.239902471
23.33,0.249939133
23.34,0.25908658
23.35,0.267151413
23.36,0.273968075
23.37,0.279410313
23.38,0.283399336
23.39,0.285907066
23.4,0.286952697
23.41,0.286592281
23.42,0.284902137
23.43,0.281959474
23.44,0.277824573
23.45,0.272529686
23.46,0.266077578
23.47,0.25845057
23.48,0.249627289
23.49,0.239603032
23.5,0.22840907
23.51,0.21612694
23.52,0.202895289
23.53,0.188907871
23.54,0.174402425
23.55,0.159642314
23.56,0.144893659
23.57,0.13040271
23.58,0.116377475
23.59,0.102976756
23.6,0.090307617
23.61,0.078430532
23.62,0.06737012
23.63,0.057128807
23.64,0.047700595
23.65,0.039082638
23.66,0.031283126
23.67,0.02432445
23.68,0.018241915
23.69,0.013078916
23.7,0.008880144
23.71,0.005684596
23.72,0.003519928
23.73,0.00239886
23.74,0.002317576
23.75,0.00325525
23.76,0.005173546
23.77,0.008015245
23.78,0.011702018
23.79,0.016132352
23.8,0.021181281
23.81,0.026703349
23.82,0.032539176
23.83,0.038524582
23.84,0.0445001
23.85,0.050318452
23.86,0.055848681
23.87,0.060976986
23.88,0.065605892
23.89,0.069654027
23.9,0.073058148
23.91,0.075777258
23.92,0.077797314
23.93,0.079133999
23.94,0.079831832
23.95,0.079959314
23.96,0.079600889
23.97,0.078847632
23.98,0.077788167
23.99,0.076501277
24,0.075051263
24.01,0.073486761
24.02,0.07184304
24.03,0.070147473
24.04,0.068426486
24.05,0.06671228
24.06,0.065047128
24.07,0.063483759
24.08,0.062081257
24.09,0.060897268
24.1,0.059978259
24.11,0.059350292
24.12,0.05901308
24.13,0.058939226
24.14,0.059079507
24.15,0.059373234
24.16,0.059760729
24.17,0.060194105
24.18,0.060642642
24.19,0.061091308
24.2,0.061533528
24.21,0.061961417
24.22,0.062358275
24.23,0.062700159
24.24,0.062957715
24.25,0.063110845
24.26,0.063162017
24.27,0.063147673
24.28,0.063143183
24.29,0.06325933
24.3,0.063630819
24.31,0.064399575
24.32,0.06569681
24.33,0.067627614
24.34,0.070260153
24.35,0.07361929
24.36,0.077682907
24.37,0.082379531
24.38,0.087587679
24.39,0.093138824
24.4,0.098826602
24.41,0.104422766
24.42,0.109698467
24.43,0.11444722
24.44,0.118506456
24.45,0.121775122
24.46,0.124225406
24.47,0.125906922
24.48,0.126941541
24.49,0.127508329
24.5,0.127820316
24.51,0.128096833
24.52,0.128537309
24.53,0.129301017
24.54,0.130495703
24.55,0.132175023
24.56,0.134342869
24.57,0.136961714
24.58,0.139962327
24.59,0.143252695
24.6,0.146725071
24.61,0.150261776
24.62,0.153741382
24.63,0.157047538
24.64,0.160080574
24.65,0.162769572
24.66,0.165080059
24.67,0.167012853
24.68,0.168593219
24.69,0.169854889
24.7,0.170826731
24.71,0.171530029
24.72,0.171989003
24.73,0.172250997
24.74,0.17240606
24.75,0.172595575
24.76,0.173003202
24.77,0.173829449
24.78,0.175257357
24.79,0.177419961
24.8,0.180378576
24.81,0.18411649
24.82,0.188547678
24.83,0.193536135
24.84,0.198919672
24.85,0.204532445
24.86,0.210222117
24.87,0.215859125
24.88,0.221338147
24.89,0.226572601
24.9,0.231484867
24.91,0.235994512
24.92,0.240007855
24.93,0.243411383
24.94,0.246072572
24.95,0.247850713
24.96,0.248618584
24.97,0.248291896
24.98,0.246859226
24.99,0.244402193
25,0.241097257
25.01,0.237195487
25.02,0.232984046
25.03,0.228739481
25.04,0.224685189
25.05,0.220963641
25.06,0.21762838
25.07,0.214654201
25.08,0.211957852
25.09,0.209419613
25.1,0.206897992
25.11,0.204235925
25.12,0.201263039
25.13,0.197801586
25.14,0.193681439
25.15,0.188763511
25.16,0.182965412
25.17,0.176280261
25.18,0.168782081
25.19,0.160615342
25.2,0.151972573
25.21,0.143066899
25.22,0.134107117
25.23,0.125280155
25.24,0.116742113
25.25,0.10861555
25.26,0.100989819
25.27,0.093922512
25.28,0.087442854
25.29,0.081558611
25.3,0.076267008
25.31,0.071566806
25.32,0.067466671
25.33,0.063986327
25.34,0.061150177
25.35,0.058976774
25.36,0.057468596
25.37,0.056605919
25.38,0.056346537
25.39,0.056632069
25.4,0.057400107
25.41,0.058600226
25.42,0.060210179
25.43,0.062247131
25.44,0.064769708
25.45,0.067869233
25.46,0.07165221
25.47,0.076218852
25.48,0.081642084
25.49,0.08795076
25.5,0.095119232
25.51,0.103065093
25.52,0.111655441
25.53,0.120720732
25.54,0.130073759
25.55,0.139531515
25.56,0.14893707
25.57,0.158177436
25.58,0.167191804
25.59,0.175965671
25.6,0.184511647
25.61,0.19284542
25.62,0.200969761
25.63,0.208877018
25.64,0.216568978
25.65,0.22408102
25.66,0.231491235
25.67,0.238900821
25.68,0.246386049
25.69,0.253936521
25.7,0.261405016
25.71,0.268492278
25.72,0.274779616
25.73,0.279805892
25.74,0.28317006
25.75,0.28463162
25.76,0.284180111
25.77,0.282052913
25.78,0.278692319
25.79,0.274649548
25.8,0.270458586
25.81,0.266514277
25.82,0.262989076
25.83,0.259807908
25.84,0.256678617
25.85,0.253157179
25.86,0.248725237
25.87,0.242867983
25.88,0.235150785
25.89,0.225294763
25.9,0.213242918
25.91,0.199199056
25.92,0.183622156
25.93,0.167169509
25.94,0.150598629
25.95,0.134651588
25.96,0.119948892
25.97,0.10691507
25.98,0.095747289
25.99,0.086426004
26,0.078757949
26.01,0.0724367
26.02,0.06710719
26.03,0.062422741
26.04,0.058087502
26.05,0.053880598
26.06,0.049662913
26.07,0.045370361
26.08,0.040999601
26.09,0.036591075
26.1,0.032212616
26.11,0.027945386
26.12,0.023873454
26.13,0.020077463
26.14,0.016631491
26.15,0.013600835
26.16,0.011039091
26.17,0.008984922
26.18,0.007460528
26.19,0.006473589
26.2,0.006022894
26.21,0.006106122
26.22,0.006727558
26.23,0.007903654
26.24,0.009664945
26.25,0.012053248
26.26,0.015113385
26.27,0.018879422
26.28,0.023356608
26.29,0.02850225
26.3,0.034210438
26.31,0.040306631
26.32,0.046557164
26.33,0.05269536
26.34,0.058460266
26.35,0.063638168
26.36,0.068094548
26.37,0.071787237
26.38,0.074758731
26.39,0.077112911
26.4,0.078984863
26.41,0.080511438
26.42,0.081808543
26.43,0.082960438
26.44,0.084025334
26.45,0.085058444
26.46,0.086148074
26.47,0.087455472
26.48,0.08924709
26.49,0.091910396
26.5,0.095948132
26.51,0.101950581
26.52,0.110547775
26.53,0.122343312
26.54,0.137830648
26.55,0.157293824
26.56,0.180702441
26.57,0.207625658
26.58,0.237203154
26.59,0.268207999
26.6,0.299208273
26.61,0.328790321
26.62,0.355775796
26.63,0.379366517
26.64,0.399188313
26.65,0.415251713
26.66,0.427876042
26.67,0.437617132
26.68,0.445209092
26.69,0.451499518
26.7,0.45734943
26.71,0.463490394
26.72,0.470367583
26.73,0.478024778
26.74,0.486078626
26.75,0.493791738
26.76,0.500209623
26.77,0.504311623
26.78,0.505142438
26.79,0.501918221
26.8,0.494116832
26.81,0.481554526
26.82,0.464435482
26.83,0.44335125
26.84,0.419217272
26.85,0.393154368
26.86,0.366341989
26.87,0.339873326
26.88,0.31463564
26.89,0.291226486
26.9,0.26990936
26.91,0.250607911
26.92,0.232939907
26.93,0.216296874
26.94,0.199971483
26.95,0.183318091
26.96,0.165907624
26.97,0.147628246
26.98,0.1286991
26.99,0.109598023
27,0.090936986
27.01,0.073330614
27.02,0.0572961
27.03,0.043202471
27.04,0.031267265
27.05,0.021583392
27.06,0.014152028
27.07,0.008901968
27.08,0.00568935
27.09,0.004286376
27.1,0.00437458
27.11,0.005556029
27.12,0.007388226
27.13,0.009439217
27.14,0.0113504
27.15,0.012888593
27.16,0.013968747
27.17,0.014637461
27.18,0.015022619
27.19,0.0152694
27.2,0.015488322
27.21,0.015733116
27.22,0.01601014
27.23,0.016306803
27.24,0.016622374
27.25,0.016989792
27.26,0.017485276
27.27,0.018227218
27.28,0.01936552
27.29,0.021061388
27.3,0.023458351
27.31,0.026649103
27.32,0.03064753
27.33,0.035377984
27.34,0.040690707
27.35,0.046403636
27.36,0.05236065
27.37,0.058490389
27.38,0.064849461
27.39,0.071636591
27.4,0.079169137
27.41,0.087822005
27.42,0.097942633
27.43,0.10976777
27.44,0.123367346
27.45,0.138625204
27.46,0.155248183
27.47,0.17279048
27.48,0.190689655
27.49,0.208320107
27.5,0.225068869
27.51,0.240425847
27.52,0.254067772
27.53,0.265909553
27.54,0.276097937
27.55,0.284931894
27.56,0.292713474
27.57,0.299566594
27.58,0.30529307
27.59,0.309343491
27.6,0.310944013
27.61,0.30935301
27.62,0.304160205
27.63,0.295510285
27.64,0.2841511
27.65,0.271272441
27.66,0.258197389
27.67,0.24606019
27.68,0.235600648
27.69,0.227127846
27.7,0.220614199
27.71,0.215837899
27.72,0.21250676
27.73,0.210340284
27.74,0.209116015
27.75,0.208690785
27.76,0.209001877
27.77,0.210049748
27.78,0.211865012
27.79,0.214463937
27.8,0.217800194
27.81,0.221727061
27.82,0.225987369
27.83,0.230237132
27.84,0.234090412
27.85,0.237162414
27.86,0.239094654
27.87,0.239560338
27.88,0.238259767
27.89,0.234922593
27.9,0.229333886
27.91,0.221390875
27.92,0.21117993
27.93,0.199049559
27.94,0.185653448
27.95,0.171940678
27.96,0.159076199
27.97,0.148290322
27.98,0.14068557
27.99,0.137055893
28,0.13777331
28.01,0.142770254
28.02,0.151609539
28.03,0.163610336
28.04,0.177995232
28.05,0.194028912
28.06,0.211117137
28.07,0.228828769
28.08,0.24681608
28.09,0.264655332
28.1,0.281685034
28.11,0.296935336
28.12,0.3092009
28.13,0.31723922
28.14,0.320024128
28.15,0.31697362
28.16,0.30809055
28.17,0.293982416
28.18,0.27575082
28.19,0.254768645
28.2,0.232397597
28.21,0.209731344
28.22,0.187451202
28.23,0.165841669
28.24,0.144945958
28.25,0.124783301
28.26,0.105531546
28.27,0.087604767
28.28,0.071606775
28.29,0.058190327
28.3,0.047882243
28.31,0.040940967
28.32,0.03729284
28.33,0.036555464
28.34,0.038121745
28.35,0.041269092
28.36,0.045273517
28.37,0.049520445
28.38,0.053594521
28.39,0.057316679
28.4,0.06070909
28.41,0.063903102
28.42,0.067031141
28.43,0.07014154
28.44,0.073156482
28.45,0.075875714
28.46,0.078018175
28.47,0.079288762
28.48,0.079454226
28.49,0.078407429
28.5,0.076198932
28.51,0.073021784
28.52,0.069151462
28.53,0.064860141
28.54,0.060336957
28.55,0.055646885
28.56,0.050747588
28.57,0.045556796
28.58,0.040040536
28.59,0.034286764
28.6,0.028535285
28.61,0.023141717
28.62,0.018470633
28.63,0.01475352
28.64,0.011987559
28.65,0.009942952
28.66,0.008279574
28.67,0.006702347
28.68,0.005070788
28.69,0.003426036
28.7,0.001955994
28.71,0.000939831
28.72,0.000699566
28.73,0.001567851
28.74,0.003869106
28.75,0.007902008
28.76,0.013911849
28.77,0.022057805
28.78,0.032395797
28.79,0.044889879
28.8,0.059440857
28.81,0.075906941
28.82,0.094098483
28.83,0.113744975
28.84,0.134447316
28.85,0.155641347
28.86,0.17660351
28.87,0.196515272
28.88,0.214575796
28.89,0.230126482
28.9,0.24274252
28.91,0.252256788
28.92,0.258711693
28.93,0.26226373
28.94,0.263076215
28.95,0.261220033
28.96,0.256593796
28.97,0.248891331
28.98,0.237668276
28.99,0.222537661
29,0.203445315
29.01,0.180895794
29.02,0.156002998
29.03,0.130331834
29.04,0.105607007
29.05,0.083408474
29.06,0.064945882
29.07,0.050948535
29.08,0.041662846
29.09,0.036926453
29.1,0.036277831
29.11,0.039057504
29.12,0.04447113
29.13,0.051619175
29.14,0.059527158
29.15,0.067208301
29.16,0.07375989
29.17,0.078465689
29.18,0.080868465
29.19,0.080789935
29.2,0.078304063
29.21,0.073696662
29.22,0.067441206
29.23,0.060181885
29.24,0.052683689
29.25,0.045730024
29.26,0.040002177
29.27,0.035997209
29.28,0.034011561
29.29,0.034174127
29.3,0.036491445
29.31,0.040875696
29.32,0.047150096
29.33,0.055042904
29.34,0.064179325
29.35,0.074072569
29.36,0.084115294
29.37,0.093582634
29.38,0.101666581
29.39,0.107559157
29.4,0.110578935
29.41,0.110301135
29.42,0.10663395
29.43,0.099809672
29.44,0.090310409
29.45,0.078778765
29.46,0.065950942
29.47,0.052615371
29.48,0.039574417
29.49,0.027589356
29.5,0.017314534
29.51,0.009252718
29.52,0.003763294
29.53,0.001121799
29.54,0.00159032
29.55,0.005449259
29.56,0.012968994
29.57,0.024340259
29.58,0.039604432
29.59,0.058615424
29.6,0.081037397
29.61,0.106372567
29.62,0.134032454
29.63,0.163476621
29.64,0.194402528
29.65,0.22689405
29.66,0.261405324
29.67,0.29854346
29.68,0.338773378
29.69,0.38223876
29.7,0.428789118
29.71,0.478127609
29.72,0.529897747
29.73,0.583557042
29.74,0.638025454
29.75,0.691296127
29.76,0.740330562
29.77,0.781467433
29.78,0.811247202
29.79,0.827257753
29.8,0.828619545
29.81,0.816013387
29.82,0.791423373
29.83,0.757829396
29.84,0.718944723
29.85,0.678884631
29.86,0.64157614
29.87,0.609915322
29.88,0.585025791
29.89,0.56610099
29.9,0.551004977
29.91,0.537314648
29.92,0.523242536
29.93,0.508038657
29.94,0.491832189
29.95,0.475149375
29.96,0.458401859
29.97,0.44155353
29.98,0.424065466
29.99,0.405108946
30,0.383930861
30.01,0.360196994
30.02,0.334157177
30.03,0.306575878
30.04,0.278497665
30.05,0.25097875
30.06,0.224883944
30.07,0.20077511
30.08,0.178867665
30.09,0.159036608
30.1,0.140896965
30.11,0.12400343
30.12,0.108141138
30.13,0.093551845
30.14,0.080908052
30.15,0.071000798
30.16,0.064329011
30.17,0.060848233
30.18,0.059996616
30.19,0.060928094
30.2,0.062796871
30.21,0.064958938
30.22,0.067040023
30.23,0.068911998
30.24,0.070644116
30.25,0.072445618
30.26,0.074581421
30.27,0.077266287
30.28,0.080579297
30.29,0.084436422
30.3,0.088617041
30.31,0.092806843
30.32,0.09662582
30.33,0.099643562
30.34,0.101406818
30.35,0.101496581
30.36,0.099600434
30.37,0.095565192
30.38,0.08941909
30.39,0.081391564
30.4,0.071951973
30.41,0.061840781
30.42,0.05204187
30.43,0.043671251
30.44,0.037800942
30.45,0.03526931
30.46,0.036546641
30.47,0.041711165
30.48,0.050530631
30.49,0.062584427
30.5,0.077358023
30.51,0.094287922
30.52,0.112780913
30.53,0.132238967
30.54,0.152102927
30.55,0.171924051
30.56,0.191471374
30.57,0.210823709
30.58,0.230330167
30.59,0.250375635
30.6,0.27103888
30.61,0.291829527
30.62,0.311644554
30.63,0.328945221
30.64,0.342063665
30.65,0.349559774
30.66,0.350560723
30.67,0.344994476
30.68,0.333667124
30.69,0.31820839
30.7,0.30091199
30.71,0.284469693
30.72,0.271618069
30.73,0.264727222
30.74,0.26533809
30.75,0.273736659
30.76,0.28886835
30.77,0.308925622
30.78,0.332496726
30.79,0.359545071
30.8,0.391407926
30.81,0.429669448
30.82,0.47456494
30.83,0.523871267
30.84,0.572926246
30.85,0.615780301
30.86,0.646887216
30.87,0.662502444
30.88,0.661262813
30.89,0.644027343
30.9,0.613363643
30.91,0.572941548
30.92,0.526922729
30.93,0.479377857
30.94,0.433734542
30.95,0.392243196
30.96,0.355527826
30.97,0.322491301
30.98,0.290883237
30.99,0.25842226
31,0.223858746
31.01,0.187402972
31.02,0.150447959
31.03,0.114929934
31.04,0.082742328
31.05,0.055418738
31.06,0.034034325
31.07,0.01917279
31.08,0.01090234
31.09,0.008813611
31.1,0.012152049
31.11,0.019995595
31.12,0.031406046
31.13,0.045519489
31.14,0.061585599
31.15,0.07899214
31.16,0.097277294
31.17,0.116075921
31.18,0.13500043
31.19,0.153559531
31.2,0.171176405
31.21,0.187265886
31.22,0.20135022
31.23,0.213224328
31.24,0.223076191
31.25,0.231394196
31.26,0.238645903
31.27,0.244940798
31.28,0.249945597
31.29,0.253149528
31.3,0.254258027
31.31,0.253310933
31.32,0.250425179
31.33,0.245524754
31.34,0.23834668
31.35,0.228601057
31.36,0.216082825
31.37,0.200733911
31.38,0.18271922
31.39,0.162505257
31.4,0.140903579
31.41,0.119044198
31.42,0.098232521
31.43,0.079693014
31.44,0.064290324
31.45,0.05234561
31.46,0.043628389
31.47,0.037535413
31.48,0.033381832
31.49,0.030670599
31.5,0.029231132
31.51,0.029194331
31.52,0.030837725
31.53,0.034385227
31.54,0.039854233
31.55,0.046981777
31.56,0.055213881
31.57,0.063765867
31.58,0.07176627
31.59,0.0784236
31.6,0.083106008
31.61,0.085296461
31.62,0.084520895
31.63,0.080401775
31.64,0.072877753
31.65,0.062433941
31.66,0.050121441
31.67,0.03731164
31.68,0.025348797
31.69,0.015287818
31.7,0.00775572
31.71,0.002906668
31.72,0.000493354
31.73,6.15E-05
31.74,0.001156783
31.75,0.003394255
31.76,0.006361376
31.77,0.009493948
31.78,0.01209216
31.79,0.013507294
31.8,0.01338288
31.81,0.011806717
31.82,0.0092882
31.83,0.006577576
31.84,0.004459312
31.85,0.003645379
31.86,0.004731149
31.87,0.008095995
31.88,0.013774257
31.89,0.021466409
31.9,0.030775804
31.91,0.041537177
31.92,0.053998229
31.93,0.068722712
31.94,0.086242166
31.95,0.106561172
31.96,0.128732487
31.97,0.150835176
31.98,0.170535738
31.99,0.186000913
32,0.196688231
32.01,0.203690263
32.02,0.20953745
32.03,0.217440195
32.04,0.23012846
32.05,0.24876936
32.06,0.272477851
32.07,0.298562298
32.08,0.323300097
32.09,0.342979435
32.1,0.354955926
32.11,0.358410227
32.12,0.354524374
32.13,0.346021748
32.14,0.336269494
32.15,0.328209087
32.16,0.323397768
32.17,0.321587836
32.18,0.321146425
32.19,0.319955306
32.2,0.316085566
32.21,0.308051849
32.22,0.294935514
32.23,0.276608077
32.24,0.254019715
32.25,0.229240094
32.26,0.20491729
32.27,0.183275527
32.28,0.165282064
32.29,0.1506079
32.3,0.138418912
32.31,0.128333815
32.32,0.120736172
32.33,0.116267431
32.34,0.115119181
32.35,0.116804662
32.36,0.120467139
32.37,0.125329535
32.38,0.130974223
32.39,0.137381512
32.4,0.144784198
32.41,0.153501013
32.42,0.163915195
32.43,0.176516133
32.44,0.191725818
32.45,0.209460235
32.46,0.228776712
32.47,0.247973643
32.48,0.265095512
32.49,0.278480451
32.5,0.287164814
32.51,0.291281549
32.52,0.292464987
32.53,0.293873403
32.54,0.299470217
32.55,0.312737361
32.56,0.335441079
32.57,0.367067713
32.58,0.405076863
32.59,0.445501313
32.6,0.483407038
32.61,0.513349653
32.62,0.530223789
32.63,0.530541323
32.64,0.513736569
32.65,0.482654302
32.66,0.442376493
32.67,0.397821357
32.68,0.352163234
32.69,0.307509977
32.7,0.266579783
32.71,0.233120887
32.72,0.210835067
32.73,0.202252735
32.74,0.208447368
32.75,0.229293674
32.76,0.263613148
32.77,0.309055843
32.78,0.362201526
32.79,0.41929834
32.8,0.477286664
32.81,0.534159963
32.82,0.58824319
32.83,0.637256295
32.84,0.678408112
32.85,0.709683417
32.86,0.731187874
32.87,0.745275686
32.88,0.755298485
32.89,0.763860489
32.9,0.77149526
32.91,0.776343591
32.92,0.775238414
32.93,0.7660335
32.94,0.749741101
32.95,0.730481832
32.96,0.712881258
32.97,0.698980001
32.98,0.687212741
32.99,0.67403917
33,0.656520795
33.01,0.633705461
33.02,0.606126816
33.03,0.574513996
33.04,0.539481429
33.05,0.502884665
33.06,0.469473387
33.07,0.446693595
33.08,0.442105116
33.09,0.459905894
33.1,0.498530804
33.11,0.550470291
33.12,0.604277908
33.13,0.647680708
33.14,0.670352052
33.15,0.665746038
33.16,0.632260836
33.17,0.573671021
33.18,0.498236146
33.19,0.416408508
33.2,0.338064979
33.21,0.27053647
33.22,0.218084786
33.23,0.182444832
33.24,0.16353395
33.25,0.159764453
33.26,0.16824276
33.27,0.18544001
33.28,0.207978295
33.29,0.232575348
33.3,0.255429501
33.31,0.272371001
33.32,0.279910702
33.33,0.276147869
33.34,0.261212163
33.35,0.237509377
33.36,0.20946747
33.37,0.182445424
33.38,0.161274967
33.39,0.149046895
33.4,0.146287819
33.41,0.15073748
33.42,0.158114831
33.43,0.163722749
33.44,0.164123433
33.45,0.158075473
33.46,0.146334729
33.47,0.130665198
33.48,0.112938293
33.49,0.094952466
33.5,0.078905147
33.51,0.067879107
33.52,0.065595839
33.53,0.075272854
33.54,0.098213755
33.55,0.132934505
33.56,0.175326397
33.57,0.219885997
33.58,0.26126293
33.59,0.295154687
33.6,0.318589344
33.61,0.330171247
33.62,0.330152638
33.63,0.320060196
33.64,0.302227325
33.65,0.279411095
33.66,0.254129821
33.67,0.227808937
33.68,0.200605659
33.69,0.172350875
33.7,0.143745984
33.71,0.11661003
33.72,0.093054984
33.73,0.074489497
33.74,0.061230689
33.75,0.052758804
33.76,0.048243639
33.77,0.047012429
33.78,0.048766481
33.79,0.053522138
33.8,0.061407539
33.81,0.072451435
33.82,0.086403746
33.83,0.102618114
33.84,0.120113472
33.85,0.137849035
33.86,0.154973771
33.87,0.170818428
33.88,0.184766376
33.89,0.196343442
33.9,0.205631706
33.91,0.213646654
33.92,0.222215286
33.93,0.233452313
33.94,0.249312555
33.95,0.271194443
33.96,0.29914965
33.97,0.331147105
33.98,0.363457526
33.99,0.391810932
34,0.412170991
34.01,0.421308716
34.02,0.417764245
34.03,0.402672236
34.04,0.379702321
34.05,0.354264732
34.06,0.332289922
34.07,0.318501386
34.08,0.314842884
34.09,0.320232992
34.1,0.331444163
34.11,0.343854888
34.12,0.351878421
34.13,0.350048819
34.14,0.334934437
34.15,0.306462044
34.16,0.267526052
34.17,0.222566174
34.18,0.176308364
34.19,0.132837972
34.2,0.094975512
34.21,0.064295883
34.22,0.041667993
34.23,0.027767554
34.24,0.02325344
34.25,0.028557492
34.26,0.043342051
34.27,0.066012483
34.28,0.093769078
34.29,0.123098441
34.3,0.15030128
34.31,0.171938326
34.32,0.185288906
34.33,0.188834681
34.34,0.182597875
34.35,0.168158723
34.36,0.148264535
34.37,0.1261049
34.38,0.104561238
34.39,0.085612634
34.4,0.069968174
34.41,0.057275342
34.42,0.046925635
34.43,0.03867448
34.44,0.032543809
34.45,0.028462816
34.46,0.026218686
34.47,0.025614008
34.48,0.026513789
34.49,0.028783542
34.5,0.032233593
34.51,0.036547445
34.52,0.041218066
34.53,0.045662992
34.54,0.049445476
34.55,0.052264992
34.56,0.053787533
34.57,0.053717066
34.58,0.052127058
34.59,0.049677457
34.6,0.047398315
34.61,0.04610875
34.62,0.045921406
34.63,0.046293301
34.64,0.046621567
34.65,0.04682701
34.66,0.047433857
34.67,0.049217602
34.68,0.052756369
34.69,0.058128085
34.7,0.064901591
34.71,0.072420569
34.72,0.080093677
34.73,0.08733274
34.74,0.093184039
34.75,0.096191198
34.76,0.094989262
34.77,0.089358862
34.78,0.080722442
34.79,0.071573698
34.8,0.064365588
34.81,0.060462472
34.82,0.059555469
34.83,0.059866674
34.84,0.059104801
34.85,0.055641611
34.86,0.049143941
34.87,0.040365129
34.88,0.030553616
34.89,0.021026545
34.9,0.012946811
34.91,0.007103522
34.92,0.003773919
34.93,0.002822586
34.94,0.003824593
34.95,0.00600549
34.96,0.008296154
34.97,0.009753515
34.98,0.010020512
34.99,0.009473554
35,0.009079527
35.01,0.010057431
35.02,0.013511799
35.03,0.020207837
35.04,0.030333941
35.05,0.043322359
35.06,0.058080766
35.07,0.073330411
35.08,0.087528098
35.09,0.098536028
35.1,0.103776163
35.11,0.101501536
35.12,0.092594765
35.13,0.080953405
35.14,0.071480895
35.15,0.06743396
35.16,0.069587503
35.17,0.077639628
35.18,0.092087049
35.19,0.114373387
35.2,0.1448602
35.21,0.180639777
35.22,0.215658587
35.23,0.243417624
35.24,0.260273051
35.25,0.266689799
35.26,0.26549546
35.27,0.259447006
35.28,0.250312229
35.29,0.238733968
35.3,0.224158194
35.31,0.20542611
35.32,0.181883175
35.33,0.154055207
35.34,0.123690181
35.35,0.093883699
35.36,0.069241404
35.37,0.054744067
35.38,0.05333558
35.39,0.064382752
35.4,0.084213269
35.41,0.107831795
35.42,0.130623583
35.43,0.14981141
35.44,0.16560901
35.45,0.181097241
35.46,0.200369702
35.47,0.226168428
35.48,0.258079868
35.49,0.291868303
35.5,0.320821986
35.51,0.338677307
35.52,0.342093547
35.53,0.331441482
35.54,0.309993277
35.55,0.282004115
35.56,0.250620309
35.57,0.21695636
35.58,0.181225325
35.59,0.144851089
35.6,0.110861086
35.61,0.082086461
35.62,0.059746425
35.63,0.04370102
35.64,0.033260756
35.65,0.027749788
35.66,0.027060938
35.67,0.032261849
35.68,0.045441332
35.69,0.06835285
35.7,0.101248613
35.71,0.143098838
35.72,0.192256525
35.73,0.246927114
35.74,0.305909431
35.75,0.36872701
35.76,0.434179045
35.77,0.498842428
35.78,0.557255224
35.79,0.603352074
35.8,0.631891763
35.81,0.639619042
35.82,0.62659825
35.83,0.596562471
35.84,0.555181913
35.85,0.507909934
35.86,0.458817922
35.87,0.410340451
35.88,0.36383996
35.89,0.319868898
35.9,0.277895034
35.91,0.237239234
35.92,0.198075738
35.93,0.160778068
35.94,0.125420265
35.95,0.09270367
35.96,0.064801823
35.97,0.044509334
35.98,0.033595246
35.99,0.031997626
36,0.037727924
36.01,0.047531997
36.02,0.058689772
36.03,0.070203802
36.04,0.081904621
36.05,0.093189122
36.06,0.103242711
36.07,0.111892605
36.08,0.119575774
36.09,0.126255747
36.1,0.130322973
36.11,0.128949854
36.12,0.120017237
36.13,0.103767858
36.14,0.082876719
36.15,0.061491584
36.16,0.043976432
36.17,0.033516103
36.18,0.030935674
36.19,0.034484471
36.2,0.041161945
36.21,0.04857535
36.22,0.05520149
36.23,0.059196355
36.24,0.058231048
36.25,0.051111335
36.26,0.039244601
36.27,0.026339327
36.28,0.016633592
36.29,0.013252326
36.3,0.017819511
36.31,0.030778465
36.32,0.051344972
36.33,0.077137958
36.34,0.104308023
36.35,0.128288059
36.36,0.144930085
36.37,0.151963517
36.38,0.150123658
36.39,0.143240458
36.4,0.136739098
36.41,0.134771414
36.42,0.138436952
36.43,0.146547909
36.44,0.157018394
36.45,0.167521585
36.46,0.175968662
36.47,0.18094218
36.48,0.181753064
36.49,0.178353631
36.5,0.171452983
36.51,0.162640619
36.52,0.154080016
36.53,0.148009574
36.54,0.146143393
36.55,0.148673668
36.56,0.153784031
36.57,0.158724175
36.58,0.161501384
36.59,0.161891276
36.6,0.161834034
36.61,0.16496309
36.62,0.174321755
36.63,0.18924044
36.64,0.204257409
36.65,0.211729273
36.66,0.206542591
36.67,0.188812107
36.68,0.162571779
36.69,0.132915106
36.7,0.103916826
36.71,0.077577928
36.72,0.054084076
36.73,0.033568551
36.74,0.017852876
36.75,0.009945129
36.76,0.011720529
36.77,0.02218012
36.78,0.037386277
36.79,0.052122662
36.8,0.062671242
36.81,0.068772694
36.82,0.073286556
36.83,0.079937552
36.84,0.090633636
36.85,0.104415024
36.86,0.118920177
36.87,0.131948108
36.88,0.141032186
36.89,0.143000243
36.9,0.135624714
36.91,0.119422048
36.92,0.09743448
36.93,0.074180391
36.94,0.054709097
36.95,0.043349514
36.96,0.042485661
36.97,0.051790355
36.98,0.068116187
36.99,0.086279485
37,0.100575133
37.01,0.1064527
37.02,0.10200443
37.03,0.088804282
37.04,0.070928346
37.05,0.052698849
37.06,0.037236856
37.07,0.026154927
37.08,0.01966953
37.09,0.017054544
37.1,0.017467683
37.11,0.020584396
37.12,0.026388643
37.13,0.034354452
37.14,0.043012195
37.15,0.050400704
37.16,0.054908045
37.17,0.055914928
37.18,0.054343589
37.19,0.052432057
37.2,0.051896723
37.21,0.052112091
37.22,0.050543708
37.23,0.045019728
37.24,0.03558489
37.25,0.024418327
37.26,0.014217315
37.27,0.006773727
37.28,0.002764424
37.29,0.002038257
37.3,0.003767714
37.31,0.006829358
37.32,0.010618394
37.33,0.015434199
37.34,0.02163606
37.35,0.028476832
37.36,0.034229334
37.37,0.037335557
37.38,0.037217164
37.39,0.034623006
37.4,0.031714943
37.41,0.031606978
37.42,0.037281446
37.43,0.050322194
37.44,0.070407302
37.45,0.095673198
37.46,0.123234929
37.47,0.14966353
37.48,0.171351547
37.49,0.185181855
37.5,0.190243097
37.51,0.189012718
37.52,0.186352472
37.53,0.187063338
37.54,0.193021658
37.55,0.201404781
37.56,0.206166565
37.57,0.202336219
37.58,0.189381692
37.59,0.170789581
37.6,0.151107397
37.61,0.133488079
37.62,0.119272779
37.63,0.108599336
37.64,0.100564905
37.65,0.0935133
37.66,0.086374975
37.67,0.078977462
37.68,0.070487318
37.69,0.05979234
37.7,0.048085922
37.71,0.03842232
37.72,0.031879066
37.73,0.02628145
37.74,0.019405808
37.75,0.0121363
37.76,0.00765622
37.77,0.008858345
37.78,0.017520341
37.79,0.034232301
37.8,0.057584734
37.81,0.083440409
37.82,0.105800659
37.83,0.120628163
37.84,0.129697974
37.85,0.138483579
37.86,0.149573342
37.87,0.15983153
37.88,0.163333761
37.89,0.155906334
37.9,0.137942282
37.91,0.114075902
37.92,0.09053765
37.93,0.071839198
37.94,0.059011144
37.95,0.050468249
37.96,0.04380738
37.97,0.037236224
37.98,0.030327979
37.99,0.02377071
38,0.018097118
38.01,0.01298871
38.02,0.008706413
38.03,0.007814458
38.04,0.01446422
38.05,0.031296926
38.06,0.056904792
38.07,0.086739333
38.08,0.116680796
38.09,0.144871421
38.1,0.170367178
38.11,0.192045553
38.12,0.208818732
38.13,0.219838308
38.14,0.225761888
38.15,0.231053341
38.16,0.243030899
38.17,0.264730319
38.18,0.289870992
38.19,0.309055128
38.2,0.317460884
38.21,0.314836761
38.22,0.303099818
38.23,0.286653422
38.24,0.272899075
38.25,0.270558014
38.26,0.287471248
38.27,0.327377421
38.28,0.385515358
38.29,0.448340884
38.3,0.501314274
38.31,0.537190654
38.32,0.554679522
38.33,0.552966528
38.34,0.531456346
38.35,0.4915656
38.36,0.436635403
38.37,0.372145803
38.38,0.306869175
38.39,0.253458022
38.4,0.225537903
38.41,0.229501602
38.42,0.257024722
38.43,0.292336772
38.44,0.33042313
38.45,0.379750179
38.46,0.446351137
38.47,0.526591425
38.48,0.615257041
38.49,0.71015478
38.5,0.809143421
38.51,0.905927386
38.52,0.988441281
38.53,1.043004572
38.54,1.062623071
38.55,1.051373317
38.56,1.021280912
38.57,0.984749355
38.58,0.947230195
38.59,0.90590532
38.6,0.85431738
38.61,0.78814099
38.62,0.708810121
38.63,0.622091138
38.64,0.534225439
38.65,0.450792379
38.66,0.375674141
38.67,0.309759209
38.68,0.253573789
38.69,0.208561979
38.7,0.173964727
38.71,0.145916193
38.72,0.1196267
38.73,0.09174893
38.74,0.062641473
38.75,0.036154121
38.76,0.016382166
38.77,0.00532641
38.78,0.002549549
38.79,0.005733063
38.8,0.011818227
38.81,0.017864735
38.82,0.020927084
38.83,0.01857761
38.84,0.01129428
38.85,0.00344984
38.86,0.000243106
38.87,0.003794729
38.88,0.01308853
38.89,0.026165291
38.9,0.041080107
38.91,0.056442516
38.92,0.072003003
38.93,0.08859981
38.94,0.108283191
38.95,0.133842831
38.96,0.167237017
38.97,0.208385484
38.98,0.25545486
38.99,0.307615539
39,0.366340958
39.01,0.431760299
39.02,0.500582684
39.03,0.567880649
39.04,0.625499909
39.05,0.66227439
39.06,0.673964995
39.07,0.671577348
39.08,0.674189168
39.09,0.692529986
39.1,0.721851344
39.11,0.748426832
39.12,0.760121763
39.13,0.753141654
39.14,0.731963159
39.15,0.704249381
39.16,0.676022822
39.17,0.651014331
39.18,0.632093278
39.19,0.620386708
39.2,0.611394823
39.21,0.59533551
39.22,0.563862257
39.23,0.517476605
39.24,0.4685346
39.25,0.431584809
39.26,0.407081818
39.27,0.379424789
39.28,0.334519483
39.29,0.274774008
39.3,0.213464264
39.31,0.160970939
39.32,0.118816581
39.33,0.083197065
39.34,0.051819102
39.35,0.026380795
39.36,0.009495582
39.37,0.001570578
39.38,0.000554007
39.39,0.003310144
39.4,0.007214228
39.41,0.011188942
39.42,0.015374994
39.43,0.019872109
39.44,0.023667633
39.45,0.024382757
39.46,0.019904163
39.47,0.011568262
39.48,0.004648682
39.49,0.003357425
39.5,0.007000805
39.51,0.012210495
39.52,0.016538886
39.53,0.019205295
39.54,0.020119241
39.55,0.0191218
39.56,0.016230163
39.57,0.012656989
39.58,0.010820781
39.59,0.012934566
39.6,0.020128017
39.61,0.031833419
39.62,0.044817213
39.63,0.054426345
39.64,0.058266714
39.65,0.057187887
39.66,0.052737677
39.67,0.046388073
39.68,0.04072622
39.69,0.038447234
39.7,0.04007169
39.71,0.043720839
39.72,0.046940709
39.73,0.048275251
39.74,0.047347045
39.75,0.04427891
39.76,0.038728034
39.77,0.030198706
39.78,0.020563004
39.79,0.014237312
39.8,0.014248248
39.81,0.019823665
39.82,0.029644836
39.83,0.046805542
39.84,0.077908294
39.85,0.123604648
39.86,0.170309253
39.87,0.198489024
39.88,0.199787748
39.89,0.181939201
39.9,0.158142329
39.91,0.133325333
39.92,0.105318548
39.93,0.076522881
39.94,0.055538211
39.95,0.047773728
39.96,0.04983316
39.97,0.054005728
39.98,0.055224088
39.99,0.053027991
40,0.049904455
